freeze_record_id,source_id,guide_id,title,filename,repository_path,source_class,authority_status,inclusion_category,version,effective_date,approval_authority,approval_record_path,repository_commit,git_object_sha,git_object_type,sha256_checksum,checksum_verification_result,package_checksum,package_manifest_path,repository_integration_receipt,custody_status,predecessor,successor,supersession_status,conflict_status,reason_for_inclusion,authority_rationale,guide_requirement_area,necessity_test,consequence_of_exclusion,related_drafting_question_ids,package_level_source_could_replace,cgp004_component_ids,curation_status,selected_from_cgp003_mapping,source_burden_treatment,retained_limitations
CGP005-NF-ES-CG-01-0001,CGSRC-GOV-0002,ES-CG-01,Canon Artifact Inventory,CANON_ARTIFACT_INVENTORY.md,docs/canon/registries/CANON_ARTIFACT_INVENTORY.md,ADOPTED_GOVERNANCE,CONTROLLING,CONTROLLING_FROZEN,,,Founder,docs/canon/registries/CANON_ARTIFACT_INVENTORY.md,ff2748796bf858f49a3f85bad0578850e1deb846,f1386bd7f69cdb46785c1461f919e57f07b1df9c,BLOB,5cedea86f1dfcbcf6bb69aef000f25175ed72d497fda18826f69b51c770382d1,VERIFIED_FILE,,,governance/implementation/code-guides/receipts/CGP_005_EXECUTION_RECEIPT.md,REPOSITORY_NATIVE_WITH_RETAINED_GAPS,,,CURRENT,NO_KNOWN_BLOCKING_CONFLICT,ES-CG-01 requires this approved authority to establish authority_precedence;founder_disposition;conflict;supersession;exceptions before any drafting begins.,The source has controlling status in the master inventory and supplies authority that cannot be replaced by repository behavior.,authority_precedence;founder_disposition;conflict;supersession;exceptions,CONTROLLING_AUTHORITY,Excluding it would remove or materially weaken the authority basis for the guide-specific source freeze.,ES-CG-01-DQ-0001,NO,,NORMATIVE_SELECTED,YES,NORMATIVE_MINIMUM_REQUIRED,"Reference corpus only; not a normative source freeze, not a maturity advancement, and not a basis for CGP-006."
CGP005-NF-ES-CG-01-0002,CGSRC-GOV-0003,ES-CG-01,Canon Dependency Registry,CANON_DEPENDENCY_REGISTRY.md,docs/canon/registries/CANON_DEPENDENCY_REGISTRY.md,ADOPTED_GOVERNANCE,CONTROLLING,CONTROLLING_FROZEN,,,Founder,docs/canon/registries/CANON_DEPENDENCY_REGISTRY.md,ff2748796bf858f49a3f85bad0578850e1deb846,872613a3a61d84676d4d226f838fffc3717dda35,BLOB,dffc4f152f65f5ebcf65c27b533b45a217f3c60f1737a87cffd38c165c5cb562,VERIFIED_FILE,,,governance/implementation/code-guides/receipts/CGP_005_EXECUTION_RECEIPT.md,REPOSITORY_NATIVE_WITH_RETAINED_GAPS,,,CURRENT,NO_KNOWN_BLOCKING_CONFLICT,ES-CG-01 requires this approved authority to establish authority_precedence;founder_disposition;conflict;supersession;exceptions before any drafting begins.,The source has controlling status in the master inventory and supplies authority that cannot be replaced by repository behavior.,authority_precedence;founder_disposition;conflict;supersession;exceptions,CONTROLLING_AUTHORITY,Excluding it would remove or materially weaken the authority basis for the guide-specific source freeze.,ES-CG-01-DQ-0001,NO,,NORMATIVE_SELECTED,YES,NORMATIVE_MINIMUM_REQUIRED,"Reference corpus only; not a normative source freeze, not a maturity advancement, and not a basis for CGP-006."
CGP005-NF-ES-CG-01-0003,CGSRC-GOV-0004,ES-CG-01,Canon Lock Ledger,CANON_LOCK_LEDGER.md,docs/canon/registries/CANON_LOCK_LEDGER.md,ADOPTED_GOVERNANCE,CONTROLLING,CONTROLLING_FROZEN,,,Founder,docs/canon/registries/CANON_LOCK_LEDGER.md,ff2748796bf858f49a3f85bad0578850e1deb846,544c8e09a10d49ff43d699290be820eb49956e3a,BLOB,ccbcda1f1f1e2d858adf8bc38973a29634d6e487de8d7990171092cdd5aded4e,VERIFIED_FILE,,,governance/implementation/code-guides/receipts/CGP_005_EXECUTION_RECEIPT.md,REPOSITORY_NATIVE_WITH_RETAINED_GAPS,,,CURRENT,NO_KNOWN_BLOCKING_CONFLICT,ES-CG-01 requires this approved authority to establish authority_precedence;founder_disposition;conflict;supersession;exceptions before any drafting begins.,The source has controlling status in the master inventory and supplies authority that cannot be replaced by repository behavior.,authority_precedence;founder_disposition;conflict;supersession;exceptions,CONTROLLING_AUTHORITY,Excluding it would remove or materially weaken the authority basis for the guide-specific source freeze.,ES-CG-01-DQ-0001,NO,,NORMATIVE_SELECTED,YES,NORMATIVE_MINIMUM_REQUIRED,"Reference corpus only; not a normative source freeze, not a maturity advancement, and not a basis for CGP-006."
CGP005-NF-ES-CG-01-0004,CGSRC-GOV-0005,ES-CG-01,Canon State and Lock Registry,CANON_STATE_AND_LOCK_REGISTRY.md,docs/canon/registries/CANON_STATE_AND_LOCK_REGISTRY.md,ADOPTED_GOVERNANCE,CONTROLLING,CONTROLLING_FROZEN,,,Founder,docs/canon/registries/CANON_STATE_AND_LOCK_REGISTRY.md,ff2748796bf858f49a3f85bad0578850e1deb846,7fe8b0bac0e644ded95857b7391c4b4730aa8be0,BLOB,272f35833dad117c08bd4e673dfd673becbc3cbc3eb0b240ce436f49292424ec,VERIFIED_FILE,,,governance/implementation/code-guides/receipts/CGP_005_EXECUTION_RECEIPT.md,REPOSITORY_NATIVE_WITH_RETAINED_GAPS,,,CURRENT,RETAINED_WITH_EXPLICIT_FREEZE_TREATMENT,ES-CG-01 requires this approved authority to establish authority_precedence;founder_disposition;conflict;supersession;exceptions before any drafting begins.,The source has controlling status in the master inventory and supplies authority that cannot be replaced by repository behavior.,authority_precedence;founder_disposition;conflict;supersession;exceptions,CONTROLLING_AUTHORITY,Excluding it would remove or materially weaken the authority basis for the guide-specific source freeze.,ES-CG-01-DQ-0001,NO,,NORMATIVE_SELECTED,YES,NORMATIVE_MINIMUM_REQUIRED,"Reference corpus only; not a normative source freeze, not a maturity advancement, and not a basis for CGP-006."
CGP005-NF-ES-CG-01-0005,CGSRC-GOV-0006,ES-CG-01,Domain Owner and Steward Registry,DOMAIN_OWNER_AND_STEWARD_REGISTRY.md,docs/canon/registries/DOMAIN_OWNER_AND_STEWARD_REGISTRY.md,ADOPTED_GOVERNANCE,SUPPORTING,SUPPORTING_FROZEN,,,Founder,docs/canon/registries/DOMAIN_OWNER_AND_STEWARD_REGISTRY.md,ff2748796bf858f49a3f85bad0578850e1deb846,016f970a50c069ea38b134e03c565a76f36ed658,BLOB,2cad6f74e89eb404fa8b520b694d71ea93e1240d9b01c24e98eff107f9f3b5c3,VERIFIED_FILE,,,governance/implementation/code-guides/receipts/CGP_005_EXECUTION_RECEIPT.md,REPOSITORY_NATIVE_WITH_RETAINED_GAPS,,,CURRENT,NO_KNOWN_BLOCKING_CONFLICT,ES-CG-01 needs this interpretive or provenance source to apply controlling authority within authority_precedence;founder_disposition;conflict;supersession;exceptions.,"The source does not override controlling authority; it narrows ambiguity, approval lineage, or review treatment.",authority_precedence;founder_disposition;conflict;supersession;exceptions,NECESSARY_INTERPRETATION,Excluding it would make the selected controlling authorities ambiguous or harder to verify.,ES-CG-01-DQ-0001,NO,,NORMATIVE_SELECTED,YES,NORMATIVE_MINIMUM_REQUIRED,"Reference corpus only; not a normative source freeze, not a maturity advancement, and not a basis for CGP-006."
CGP005-NF-ES-CG-01-0006,CGSRC-GOV-0007,ES-CG-01,Governance Finding Registry,GOVERNANCE_FINDING_REGISTRY.md,docs/canon/registries/GOVERNANCE_FINDING_REGISTRY.md,ADOPTED_GOVERNANCE,SUPPORTING,SUPPORTING_FROZEN,,,Founder,docs/canon/registries/GOVERNANCE_FINDING_REGISTRY.md,ff2748796bf858f49a3f85bad0578850e1deb846,6224fa9c7e56b4d1ede2d4befe504adb019cf611,BLOB,6573f1a831ea1c7f84c5241acef3d24069265eb1d13972273f066d099d8b706f,VERIFIED_FILE,,,governance/implementation/code-guides/receipts/CGP_005_EXECUTION_RECEIPT.md,REPOSITORY_NATIVE_WITH_RETAINED_GAPS,,,CURRENT,NO_KNOWN_BLOCKING_CONFLICT,ES-CG-01 needs this interpretive or provenance source to apply controlling authority within authority_precedence;founder_disposition;conflict;supersession;exceptions.,"The source does not override controlling authority; it narrows ambiguity, approval lineage, or review treatment.",authority_precedence;founder_disposition;conflict;supersession;exceptions,NECESSARY_INTERPRETATION,Excluding it would make the selected controlling authorities ambiguous or harder to verify.,ES-CG-01-DQ-0001,NO,,NORMATIVE_SELECTED,YES,NORMATIVE_MINIMUM_REQUIRED,"Reference corpus only; not a normative source freeze, not a maturity advancement, and not a basis for CGP-006."
CGP005-NF-ES-CG-01-0007,CGSRC-GOV-0008,ES-CG-01,Implementation Authorization Registry,IMPLEMENTATION_AUTHORIZATION_REGISTRY.md,docs/canon/registries/IMPLEMENTATION_AUTHORIZATION_REGISTRY.md,ADOPTED_GOVERNANCE,CONTROLLING,CONTROLLING_FROZEN,,,Founder,docs/canon/registries/IMPLEMENTATION_AUTHORIZATION_REGISTRY.md,ff2748796bf858f49a3f85bad0578850e1deb846,a9770202046b78583b2d0e0f13569c89e49cfbb7,BLOB,3d2d90ecbe3cc519b21628145dab8f57d3d492b6126db582bd2da86df29efe45,VERIFIED_FILE,,,governance/implementation/code-guides/receipts/CGP_005_EXECUTION_RECEIPT.md,REPOSITORY_NATIVE_WITH_RETAINED_GAPS,,,CURRENT,NO_KNOWN_BLOCKING_CONFLICT,ES-CG-01 requires this approved authority to establish authority_precedence;founder_disposition;conflict;supersession;exceptions before any drafting begins.,The source has controlling status in the master inventory and supplies authority that cannot be replaced by repository behavior.,authority_precedence;founder_disposition;conflict;supersession;exceptions,CONTROLLING_AUTHORITY,Excluding it would remove or materially weaken the authority basis for the guide-specific source freeze.,ES-CG-01-DQ-0001,NO,,NORMATIVE_SELECTED,YES,NORMATIVE_MINIMUM_REQUIRED,"Reference corpus only; not a normative source freeze, not a maturity advancement, and not a basis for CGP-006."
CGP005-NF-ES-CG-01-0008,CGSRC-GOV-0009,ES-CG-01,Global Governance V1 0 Baseline Manifest.Json,GLOBAL_GOVERNANCE_V1_0_BASELINE_MANIFEST.json,docs/governance_v1_0/GLOBAL_GOVERNANCE_V1_0_BASELINE_MANIFEST.json,ADOPTED_GOVERNANCE,CONTROLLING,CONTROLLING_FROZEN,1,,Founder,docs/governance_v1_0/GLOBAL_GOVERNANCE_V1_0_LOCK_RECORD.md,ff2748796bf858f49a3f85bad0578850e1deb846,cc7ee922bd6b177c46a09e36422d13a2b621e170,BLOB,f5666ebffbfe527f6d01eb7fe7fbe9f21de541b7b3afe5c4a1fe2d1b3379bfe9,VERIFIED_FILE,,,governance/implementation/code-guides/receipts/CGP_005_EXECUTION_RECEIPT.md,REPOSITORY_NATIVE_WITH_RETAINED_GAPS,,,CURRENT,NO_KNOWN_BLOCKING_CONFLICT,ES-CG-01 requires this approved authority to establish authority_precedence;founder_disposition;conflict;supersession;exceptions before any drafting begins.,The source has controlling status in the master inventory and supplies authority that cannot be replaced by repository behavior.,authority_precedence;founder_disposition;conflict;supersession;exceptions,CONTROLLING_AUTHORITY,Excluding it would remove or materially weaken the authority basis for the guide-specific source freeze.,ES-CG-01-DQ-0001,NO,,NORMATIVE_SELECTED,YES,NORMATIVE_MINIMUM_REQUIRED,"Reference corpus only; not a normative source freeze, not a maturity advancement, and not a basis for CGP-006."
CGP005-NF-ES-CG-01-0009,CGSRC-GOV-0010,ES-CG-01,Global Governance V1.0 Historical Manifest Classification,GLOBAL_GOVERNANCE_V1_0_HISTORICAL_MANIFEST_CLASSIFICATION.md,docs/governance_v1_0/GLOBAL_GOVERNANCE_V1_0_HISTORICAL_MANIFEST_CLASSIFICATION.md,ADOPTED_GOVERNANCE,SUPPORTING,SUPPORTING_FROZEN,1.0,,Founder,docs/governance_v1_0/GLOBAL_GOVERNANCE_V1_0_LOCK_RECORD.md,ff2748796bf858f49a3f85bad0578850e1deb846,058f3d205c783dedce37ec623ca58e4529d9359b,BLOB,db6cfdacd31a6f57b082f7393568f80173e8004d8339579ea7bac7301b691815,VERIFIED_FILE,,,governance/implementation/code-guides/receipts/CGP_005_EXECUTION_RECEIPT.md,REPOSITORY_NATIVE_WITH_RETAINED_GAPS,,,CURRENT,RETAINED_WITH_EXPLICIT_FREEZE_TREATMENT,ES-CG-01 needs this interpretive or provenance source to apply controlling authority within authority_precedence;founder_disposition;conflict;supersession;exceptions.,"The source does not override controlling authority; it narrows ambiguity, approval lineage, or review treatment.",authority_precedence;founder_disposition;conflict;supersession;exceptions,NECESSARY_INTERPRETATION,Excluding it would make the selected controlling authorities ambiguous or harder to verify.,ES-CG-01-DQ-0001,NO,,NORMATIVE_SELECTED,YES,NORMATIVE_MINIMUM_REQUIRED,"Reference corpus only; not a normative source freeze, not a maturity advancement, and not a basis for CGP-006."
CGP005-NF-ES-CG-01-0010,CGSRC-GOV-0011,ES-CG-01,Global Governance V1 0 Lock Certificate.Json,GLOBAL_GOVERNANCE_V1_0_LOCK_CERTIFICATE.json,docs/governance_v1_0/GLOBAL_GOVERNANCE_V1_0_LOCK_CERTIFICATE.json,ADOPTED_GOVERNANCE,CONTROLLING,CONTROLLING_FROZEN,1,,Founder,docs/governance_v1_0/GLOBAL_GOVERNANCE_V1_0_LOCK_RECORD.md,ff2748796bf858f49a3f85bad0578850e1deb846,1de1573ab899b429bf524ab5a1abc7e7aca7b017,BLOB,3dc9ae1d4cdd331c75fdc5883ea59d5d70243704ce13911ffe2da1d60f201f2f,VERIFIED_FILE,,,governance/implementation/code-guides/receipts/CGP_005_EXECUTION_RECEIPT.md,REPOSITORY_NATIVE_WITH_RETAINED_GAPS,,,CURRENT,NO_KNOWN_BLOCKING_CONFLICT,ES-CG-01 requires this approved authority to establish authority_precedence;founder_disposition;conflict;supersession;exceptions before any drafting begins.,The source has controlling status in the master inventory and supplies authority that cannot be replaced by repository behavior.,authority_precedence;founder_disposition;conflict;supersession;exceptions,CONTROLLING_AUTHORITY,Excluding it would remove or materially weaken the authority basis for the guide-specific source freeze.,ES-CG-01-DQ-0001,NO,,NORMATIVE_SELECTED,YES,NORMATIVE_MINIMUM_REQUIRED,"Reference corpus only; not a normative source freeze, not a maturity advancement, and not a basis for CGP-006."
CGP005-NF-ES-CG-01-0011,CGSRC-GOV-0012,ES-CG-01,EquineSync Global Governance V1.0 Lock Record,GLOBAL_GOVERNANCE_V1_0_LOCK_RECORD.md,docs/governance_v1_0/GLOBAL_GOVERNANCE_V1_0_LOCK_RECORD.md,ADOPTED_GOVERNANCE,CONTROLLING,CONTROLLING_FROZEN,1.0,,Founder,docs/governance_v1_0/GLOBAL_GOVERNANCE_V1_0_LOCK_RECORD.md,ff2748796bf858f49a3f85bad0578850e1deb846,173b4867f36c10c6067d2bda25bca011526d6dd3,BLOB,16c9b4c4f16f078c036c0768da38ae0d70cc643b10f9b5d76a50205a426ba551,VERIFIED_FILE,,,governance/implementation/code-guides/receipts/CGP_005_EXECUTION_RECEIPT.md,REPOSITORY_NATIVE_WITH_RETAINED_GAPS,,,CURRENT,NO_KNOWN_BLOCKING_CONFLICT,ES-CG-01 requires this approved authority to establish authority_precedence;founder_disposition;conflict;supersession;exceptions before any drafting begins.,The source has controlling status in the master inventory and supplies authority that cannot be replaced by repository behavior.,authority_precedence;founder_disposition;conflict;supersession;exceptions,CONTROLLING_AUTHORITY,Excluding it would remove or materially weaken the authority basis for the guide-specific source freeze.,ES-CG-01-DQ-0001,NO,,NORMATIVE_SELECTED,YES,NORMATIVE_MINIMUM_REQUIRED,"Reference corpus only; not a normative source freeze, not a maturity advancement, and not a basis for CGP-006."
CGP005-NF-ES-CG-01-0012,CGSRC-GOV-0013,ES-CG-01,Global Governance V1.0 Post-Lock Change Control,GLOBAL_GOVERNANCE_V1_0_POST_LOCK_CHANGE_CONTROL.md,docs/governance_v1_0/GLOBAL_GOVERNANCE_V1_0_POST_LOCK_CHANGE_CONTROL.md,ADOPTED_GOVERNANCE,SUPPORTING,SUPPORTING_FROZEN,1.0,,Founder,docs/governance_v1_0/GLOBAL_GOVERNANCE_V1_0_LOCK_RECORD.md,ff2748796bf858f49a3f85bad0578850e1deb846,3315448bd502c3b03b0cf290290ad383d6142118,BLOB,b8c6e329240530ea711af2b594bb8f9f02fbd2e911a364f13d5410b3902777ac,VERIFIED_FILE,,,governance/implementation/code-guides/receipts/CGP_005_EXECUTION_RECEIPT.md,REPOSITORY_NATIVE_WITH_RETAINED_GAPS,,,CURRENT,NO_KNOWN_BLOCKING_CONFLICT,ES-CG-01 needs this interpretive or provenance source to apply controlling authority within authority_precedence;founder_disposition;conflict;supersession;exceptions.,"The source does not override controlling authority; it narrows ambiguity, approval lineage, or review treatment.",authority_precedence;founder_disposition;conflict;supersession;exceptions,NECESSARY_INTERPRETATION,Excluding it would make the selected controlling authorities ambiguous or harder to verify.,ES-CG-01-DQ-0001,NO,,NORMATIVE_SELECTED,YES,NORMATIVE_MINIMUM_REQUIRED,"Reference corpus only; not a normative source freeze, not a maturity advancement, and not a basis for CGP-006."
CGP005-NF-ES-CG-01-0013,CGSRC-GOV-0014,ES-CG-01,EquineSync Global Governance V1.0 Baseline Scope,GLOBAL_GOVERNANCE_V1_0_SCOPE.md,docs/governance_v1_0/GLOBAL_GOVERNANCE_V1_0_SCOPE.md,ADOPTED_GOVERNANCE,CONTROLLING,CONTROLLING_FROZEN,1.0,,Founder,docs/governance_v1_0/GLOBAL_GOVERNANCE_V1_0_LOCK_RECORD.md,ff2748796bf858f49a3f85bad0578850e1deb846,3c0d98ddae021909d9c0699d74af24a1e72f54a9,BLOB,6f46803d8074ba530a042f34f4c1f9f4dc31bd61dc83bbec811e758605182b52,VERIFIED_FILE,,,governance/implementation/code-guides/receipts/CGP_005_EXECUTION_RECEIPT.md,REPOSITORY_NATIVE_WITH_RETAINED_GAPS,,,CURRENT,NO_KNOWN_BLOCKING_CONFLICT,ES-CG-01 requires this approved authority to establish authority_precedence;founder_disposition;conflict;supersession;exceptions before any drafting begins.,The source has controlling status in the master inventory and supplies authority that cannot be replaced by repository behavior.,authority_precedence;founder_disposition;conflict;supersession;exceptions,CONTROLLING_AUTHORITY,Excluding it would remove or materially weaken the authority basis for the guide-specific source freeze.,ES-CG-01-DQ-0001,NO,,NORMATIVE_SELECTED,YES,NORMATIVE_MINIMUM_REQUIRED,"Reference corpus only; not a normative source freeze, not a maturity advancement, and not a basis for CGP-006."
CGP005-NF-ES-CG-01-0014,CGSRC-GOV-0134,ES-CG-01,"Constitutional Prerequisite, Co-Review, Change-Impact, and Sequencing Map",EQUINESYNC_CANON_DEPENDENCY_MAP_V1_2.md,docs/canon/companions/EQUINESYNC_CANON_DEPENDENCY_MAP_V1_2.md,ADOPTED_GOVERNANCE,SUPPORTING,SUPPORTING_FROZEN,1.2,,Founder,,ff2748796bf858f49a3f85bad0578850e1deb846,c9f271a9a4f06a8b16082ff2e9e1bf1b14dc6a51,BLOB,d6dda4547faaa041eb9bc900b4a929099aeeca14af0e82dd04e5c476355541b1,VERIFIED_FILE,,,governance/implementation/code-guides/receipts/CGP_005_EXECUTION_RECEIPT.md,REPOSITORY_NATIVE_WITH_RETAINED_GAPS,,,CURRENT,NO_KNOWN_BLOCKING_CONFLICT,ES-CG-01 needs this interpretive or provenance source to apply controlling authority within authority_precedence;founder_disposition;conflict;supersession;exceptions.,"The source does not override controlling authority; it narrows ambiguity, approval lineage, or review treatment.",authority_precedence;founder_disposition;conflict;supersession;exceptions,NECESSARY_INTERPRETATION,Excluding it would make the selected controlling authorities ambiguous or harder to verify.,ES-CG-01-DQ-0001,NO,,NORMATIVE_SELECTED,YES,NORMATIVE_MINIMUM_REQUIRED,"Reference corpus only; not a normative source freeze, not a maturity advancement, and not a basis for CGP-006."
CGP005-NF-ES-CG-01-0015,CGSRC-GOV-0138,ES-CG-01,Global Adoption State Register.Json,GLOBAL_ADOPTION_STATE_REGISTER.json,docs/canon/companions/GLOBAL_ADOPTION_STATE_REGISTER.json,ADOPTED_GOVERNANCE,CONTROLLING,CONTROLLING_FROZEN,,,Founder,docs/canon/registries/CANON_ARTIFACT_INVENTORY.md,ff2748796bf858f49a3f85bad0578850e1deb846,fdfb30ddf7130e163e62f80e7c31a05820074ba9,BLOB,2f82ea914b02be61b83e6457f3c263d19fdb813a6a179166e3fcd4af9167920c,VERIFIED_FILE,,,governance/implementation/code-guides/receipts/CGP_005_EXECUTION_RECEIPT.md,REPOSITORY_NATIVE_WITH_RETAINED_GAPS,,,CURRENT,NO_KNOWN_BLOCKING_CONFLICT,ES-CG-01 requires this approved authority to establish authority_precedence;founder_disposition;conflict;supersession;exceptions before any drafting begins.,The source has controlling status in the master inventory and supplies authority that cannot be replaced by repository behavior.,authority_precedence;founder_disposition;conflict;supersession;exceptions,CONTROLLING_AUTHORITY,Excluding it would remove or materially weaken the authority basis for the guide-specific source freeze.,ES-CG-01-DQ-0001,NO,,NORMATIVE_SELECTED,YES,NORMATIVE_MINIMUM_REQUIRED,"Reference corpus only; not a normative source freeze, not a maturity advancement, and not a basis for CGP-006."
CGP005-NF-ES-CG-01-0016,CGSRC-GOV-0139,ES-CG-01,Global Adoption State Register,GLOBAL_ADOPTION_STATE_REGISTER.md,docs/canon/companions/GLOBAL_ADOPTION_STATE_REGISTER.md,ADOPTED_GOVERNANCE,CONTROLLING,CONTROLLING_FROZEN,,,Founder,docs/canon/registries/CANON_ARTIFACT_INVENTORY.md,ff2748796bf858f49a3f85bad0578850e1deb846,3343f01890cdfdddf0a0f818851bda5ba839aa00,BLOB,b2530de52d8be2d3a8a6362bdbc1c42c0cf8e7179205112acd8d95417b7e5342,VERIFIED_FILE,,,governance/implementation/code-guides/receipts/CGP_005_EXECUTION_RECEIPT.md,REPOSITORY_NATIVE_WITH_RETAINED_GAPS,,,CURRENT,NO_KNOWN_BLOCKING_CONFLICT,ES-CG-01 requires this approved authority to establish authority_precedence;founder_disposition;conflict;supersession;exceptions before any drafting begins.,The source has controlling status in the master inventory and supplies authority that cannot be replaced by repository behavior.,authority_precedence;founder_disposition;conflict;supersession;exceptions,CONTROLLING_AUTHORITY,Excluding it would remove or materially weaken the authority basis for the guide-specific source freeze.,ES-CG-01-DQ-0001,NO,,NORMATIVE_SELECTED,YES,NORMATIVE_MINIMUM_REQUIRED,"Reference corpus only; not a normative source freeze, not a maturity advancement, and not a basis for CGP-006."
CGP005-NF-ES-CG-01-0017,CGSRC-GOV-0140,ES-CG-01,Global Governance P2 Register.Json,GLOBAL_GOVERNANCE_P2_REGISTER.json,docs/canon/companions/GLOBAL_GOVERNANCE_P2_REGISTER.json,ADOPTED_GOVERNANCE,SUPPORTING,SUPPORTING_FROZEN,,,Founder,,ff2748796bf858f49a3f85bad0578850e1deb846,642d7ea64e044b37ed6a394d54e2e2e3007a69a9,BLOB,ea23091ddb8d9f562e829961bfed7dac9776ff7345f667df33c18f9c8c8bad4c,VERIFIED_FILE,,,governance/implementation/code-guides/receipts/CGP_005_EXECUTION_RECEIPT.md,REPOSITORY_NATIVE_WITH_RETAINED_GAPS,,,CURRENT,NO_KNOWN_BLOCKING_CONFLICT,ES-CG-01 needs this interpretive or provenance source to apply controlling authority within authority_precedence;founder_disposition;conflict;supersession;exceptions.,"The source does not override controlling authority; it narrows ambiguity, approval lineage, or review treatment.",authority_precedence;founder_disposition;conflict;supersession;exceptions,NECESSARY_INTERPRETATION,Excluding it would make the selected controlling authorities ambiguous or harder to verify.,ES-CG-01-DQ-0001,NO,,NORMATIVE_SELECTED,YES,NORMATIVE_MINIMUM_REQUIRED,"Reference corpus only; not a normative source freeze, not a maturity advancement, and not a basis for CGP-006."
CGP005-NF-ES-CG-01-0018,CGSRC-GOV-0141,ES-CG-01,Global Governance P2 Register,GLOBAL_GOVERNANCE_P2_REGISTER.md,docs/canon/companions/GLOBAL_GOVERNANCE_P2_REGISTER.md,ADOPTED_GOVERNANCE,SUPPORTING,SUPPORTING_FROZEN,,,Founder,,ff2748796bf858f49a3f85bad0578850e1deb846,c5e0f8bcb1cff18a96ce7fb7986fc3799028d563,BLOB,bbfcb84571ee5e92e29556f708363d262c9a2299fa8af03f0f28b2bf1d71cbec,VERIFIED_FILE,,,governance/implementation/code-guides/receipts/CGP_005_EXECUTION_RECEIPT.md,REPOSITORY_NATIVE_WITH_RETAINED_GAPS,,,CURRENT,NO_KNOWN_BLOCKING_CONFLICT,ES-CG-01 needs this interpretive or provenance source to apply controlling authority within authority_precedence;founder_disposition;conflict;supersession;exceptions.,"The source does not override controlling authority; it narrows ambiguity, approval lineage, or review treatment.",authority_precedence;founder_disposition;conflict;supersession;exceptions,NECESSARY_INTERPRETATION,Excluding it would make the selected controlling authorities ambiguous or harder to verify.,ES-CG-01-DQ-0001,NO,,NORMATIVE_SELECTED,YES,NORMATIVE_MINIMUM_REQUIRED,"Reference corpus only; not a normative source freeze, not a maturity advancement, and not a basis for CGP-006."
CGP005-NF-ES-CG-01-0019,CGSRC-GOV-0152,ES-CG-01,Master Equinesync Governance Requirement Index V1 0.Json,MASTER_EQUINESYNC_GOVERNANCE_REQUIREMENT_INDEX_V1_0.json,docs/canon/companions/MASTER_EQUINESYNC_GOVERNANCE_REQUIREMENT_INDEX_V1_0.json,ADOPTED_GOVERNANCE,CONTROLLING,CONTROLLING_FROZEN,1,,Founder,docs/canon/registries/CANON_ARTIFACT_INVENTORY.md,ff2748796bf858f49a3f85bad0578850e1deb846,df504904eb8f5555610e56eab75d8debbba8fdc0,BLOB,321be5cd10d6e47e1e4b85bc27f0732775b34683d6b74af84cdcf7bdf80702af,VERIFIED_FILE,,,governance/implementation/code-guides/receipts/CGP_005_EXECUTION_RECEIPT.md,REPOSITORY_NATIVE_WITH_RETAINED_GAPS,,,CURRENT,NO_KNOWN_BLOCKING_CONFLICT,ES-CG-01 requires this approved authority to establish authority_precedence;founder_disposition;conflict;supersession;exceptions before any drafting begins.,The source has controlling status in the master inventory and supplies authority that cannot be replaced by repository behavior.,authority_precedence;founder_disposition;conflict;supersession;exceptions,CONTROLLING_AUTHORITY,Excluding it would remove or materially weaken the authority basis for the guide-specific source freeze.,ES-CG-01-DQ-0001,NO,,NORMATIVE_SELECTED,YES,NORMATIVE_MINIMUM_REQUIRED,"Reference corpus only; not a normative source freeze, not a maturity advancement, and not a basis for CGP-006."
CGP005-NF-ES-CG-01-0020,CGSRC-GOV-0153,ES-CG-01,Master EquineSync Governance Requirement Index V1.0,MASTER_EQUINESYNC_GOVERNANCE_REQUIREMENT_INDEX_V1_0.md,docs/canon/companions/MASTER_EQUINESYNC_GOVERNANCE_REQUIREMENT_INDEX_V1_0.md,ADOPTED_GOVERNANCE,CONTROLLING,CONTROLLING_FROZEN,1.0,,Founder,docs/canon/registries/CANON_ARTIFACT_INVENTORY.md,ff2748796bf858f49a3f85bad0578850e1deb846,085201b2c8f633be13ecbb981d1ecccbc16ee4fc,BLOB,0407592090ea0c63127626675565e8d14053a2ec3b64e8843b977471c55d00ca,VERIFIED_FILE,,,governance/implementation/code-guides/receipts/CGP_005_EXECUTION_RECEIPT.md,REPOSITORY_NATIVE_WITH_RETAINED_GAPS,,,CURRENT,NO_KNOWN_BLOCKING_CONFLICT,ES-CG-01 requires this approved authority to establish authority_precedence;founder_disposition;conflict;supersession;exceptions before any drafting begins.,The source has controlling status in the master inventory and supplies authority that cannot be replaced by repository behavior.,authority_precedence;founder_disposition;conflict;supersession;exceptions,CONTROLLING_AUTHORITY,Excluding it would remove or materially weaken the authority basis for the guide-specific source freeze.,ES-CG-01-DQ-0001,NO,,NORMATIVE_SELECTED,YES,NORMATIVE_MINIMUM_REQUIRED,"Reference corpus only; not a normative source freeze, not a maturity advancement, and not a basis for CGP-006."
CGP005-NF-ES-CG-01-0021,CGSRC-GOV-0018,ES-CG-01,MASTER AUDIT EVENT AND EVIDENCE MODEL,MASTER_AUDIT_EVENT_AND_EVIDENCE_MODEL_V2_0_ADOPTED_SOURCE.md,docs/canon/adopted_sources/MASTER_AUDIT_EVENT_AND_EVIDENCE_MODEL_V2_0_ADOPTED_SOURCE.md,ADOPTED_GOVERNANCE,CONTROLLING,CONTROLLING_FROZEN,2.0,,Founder,docs/canon/registries/CANON_ARTIFACT_INVENTORY.md,ff2748796bf858f49a3f85bad0578850e1deb846,973670e46a524d6dff583e6c07f909717c55ef8e,BLOB,321aefaeee9f04ad927c01d96e4b05549713c118f9868b7fccf7a8e9b53d8ea2,VERIFIED_FILE,,,governance/implementation/code-guides/receipts/CGP_005_EXECUTION_RECEIPT.md,REPOSITORY_NATIVE_WITH_RETAINED_GAPS,,,CURRENT,RETAINED_WITH_EXPLICIT_FREEZE_TREATMENT,ES-CG-01 requires this approved authority to establish authority_precedence;founder_disposition;conflict;supersession;exceptions before any drafting begins.,The source has controlling status in the master inventory and supplies authority that cannot be replaced by repository behavior.,authority_precedence;founder_disposition;conflict;supersession;exceptions,CONTROLLING_AUTHORITY,Excluding it would remove or materially weaken the authority basis for the guide-specific source freeze.,ES-CG-01-DQ-0001,NO,,NORMATIVE_SELECTED,YES,NORMATIVE_MINIMUM_REQUIRED,"Reference corpus only; not a normative source freeze, not a maturity advancement, and not a basis for CGP-006."
CGP005-NF-ES-CG-01-0022,CGSRC-ARCH-0021,ES-CG-01,MASTER EXTERNAL ARCHITECTURE AND ADAPTER MODEL,MASTER_EXTERNAL_ARCHITECTURE_AND_ADAPTER_MODEL_V2_0.md,docs/canon/candidates/MASTER_EXTERNAL_ARCHITECTURE_AND_ADAPTER_MODEL_V2_0.md,APPROVED_ARCHITECTURE,SUPPORTING,SUPPORTING_FROZEN,2.0,,Founder,,ff2748796bf858f49a3f85bad0578850e1deb846,a36fa3c5f627d681901d9e8819239ffe11e289a0,BLOB,0cdad90cb5929588ee137e9835f6b499c3651159381960fbfad436dfcd0fa18d,VERIFIED_FILE,,,governance/implementation/code-guides/receipts/CGP_005_EXECUTION_RECEIPT.md,REPOSITORY_NATIVE,,,CURRENT,RETAINED_WITH_EXPLICIT_FREEZE_TREATMENT,ES-CG-01 needs this interpretive or provenance source to apply controlling authority within authority_precedence;founder_disposition;conflict;supersession;exceptions.,"The source does not override controlling authority; it narrows ambiguity, approval lineage, or review treatment.",authority_precedence;founder_disposition;conflict;supersession;exceptions,NECESSARY_INTERPRETATION,Excluding it would make the selected controlling authorities ambiguous or harder to verify.,ES-CG-01-DQ-0001,NO,,NORMATIVE_SELECTED,YES,NORMATIVE_MINIMUM_REQUIRED,"Reference corpus only; not a normative source freeze, not a maturity advancement, and not a basis for CGP-006."
CGP005-NF-ES-CG-01-0023,CGSRC-ATLAS-0017,ES-CG-01,MASTER EQUINESYNC IMPLEMENTATION ATLAS V1.0,MASTER_EQUINESYNC_IMPLEMENTATION_ATLAS_V1_0.md,docs/implementation/MASTER_EQUINESYNC_IMPLEMENTATION_ATLAS_V1_0.md,IMPLEMENTATION_ATLAS,CONTROLLING,CONTROLLING_FROZEN,1.0,,Founder,docs/implementation/MASTER_EQUINESYNC_IMPLEMENTATION_ATLAS_V1_0_ADOPTION_DECISION.md,ff2748796bf858f49a3f85bad0578850e1deb846,9d45da83cdc11c1cfe47624657c85417e8e1bba1,BLOB,bfa77b5e03fd9a75c8865b723794ee2da687754f030e72022f1476b9af6021d8,VERIFIED_FILE,,,governance/implementation/code-guides/receipts/CGP_005_EXECUTION_RECEIPT.md,REPOSITORY_NATIVE_WITH_RETAINED_GAPS,,,CURRENT,NO_KNOWN_BLOCKING_CONFLICT,ES-CG-01 requires this approved authority to establish authority_precedence;founder_disposition;conflict;supersession;exceptions before any drafting begins.,The source has controlling status in the master inventory and supplies authority that cannot be replaced by repository behavior.,authority_precedence;founder_disposition;conflict;supersession;exceptions,CONTROLLING_AUTHORITY,Excluding it would remove or materially weaken the authority basis for the guide-specific source freeze.,ES-CG-01-DQ-0001,NO,,NORMATIVE_SELECTED,YES,NORMATIVE_MINIMUM_REQUIRED,"Reference corpus only; not a normative source freeze, not a maturity advancement, and not a basis for CGP-006."
CGP005-NF-ES-CG-01-0024,CGSRC-ATLAS-0018,ES-CG-01,Master EquineSync Implementation Atlas V1.0 Adoption Decision,MASTER_EQUINESYNC_IMPLEMENTATION_ATLAS_V1_0_ADOPTION_DECISION.md,docs/implementation/MASTER_EQUINESYNC_IMPLEMENTATION_ATLAS_V1_0_ADOPTION_DECISION.md,IMPLEMENTATION_ATLAS,CONTROLLING,CONTROLLING_FROZEN,1.0,,Founder,docs/implementation/MASTER_EQUINESYNC_IMPLEMENTATION_ATLAS_V1_0_ADOPTION_DECISION.md,ff2748796bf858f49a3f85bad0578850e1deb846,ec5b5f703c0f76901bfff74ec031511fee943eb6,BLOB,3ea200c52d2149c2b0eead26ffd88785b2b86947fd7483ea6bbe139f05a665ce,VERIFIED_FILE,,,governance/implementation/code-guides/receipts/CGP_005_EXECUTION_RECEIPT.md,REPOSITORY_NATIVE_WITH_RETAINED_GAPS,,,CURRENT,NO_KNOWN_BLOCKING_CONFLICT,ES-CG-01 requires this approved authority to establish authority_precedence;founder_disposition;conflict;supersession;exceptions before any drafting begins.,The source has controlling status in the master inventory and supplies authority that cannot be replaced by repository behavior.,authority_precedence;founder_disposition;conflict;supersession;exceptions,CONTROLLING_AUTHORITY,Excluding it would remove or materially weaken the authority basis for the guide-specific source freeze.,ES-CG-01-DQ-0001,NO,,NORMATIVE_SELECTED,YES,NORMATIVE_MINIMUM_REQUIRED,"Reference corpus only; not a normative source freeze, not a maturity advancement, and not a basis for CGP-006."
CGP005-NF-ES-CG-01-0025,CGSRC-ATLAS-0019,ES-CG-01,Implementation Atlas V1.0 Adoption Manifest,MASTER_EQUINESYNC_IMPLEMENTATION_ATLAS_V1_0_ADOPTION_MANIFEST.md,docs/implementation/MASTER_EQUINESYNC_IMPLEMENTATION_ATLAS_V1_0_ADOPTION_MANIFEST.md,IMPLEMENTATION_ATLAS,CONTROLLING,CONTROLLING_FROZEN,1.0,,Founder,docs/implementation/MASTER_EQUINESYNC_IMPLEMENTATION_ATLAS_V1_0_ADOPTION_DECISION.md,ff2748796bf858f49a3f85bad0578850e1deb846,6e12458621b46e19b26598235b7646201906c059,BLOB,81881eabe30c16cd40214145ca7deb16b15301a4364384c9799fbd6d96217260,VERIFIED_FILE,,,governance/implementation/code-guides/receipts/CGP_005_EXECUTION_RECEIPT.md,REPOSITORY_NATIVE_WITH_RETAINED_GAPS,,,CURRENT,NO_KNOWN_BLOCKING_CONFLICT,ES-CG-01 requires this approved authority to establish authority_precedence;founder_disposition;conflict;supersession;exceptions before any drafting begins.,The source has controlling status in the master inventory and supplies authority that cannot be replaced by repository behavior.,authority_precedence;founder_disposition;conflict;supersession;exceptions,CONTROLLING_AUTHORITY,Excluding it would remove or materially weaken the authority basis for the guide-specific source freeze.,ES-CG-01-DQ-0001,NO,,NORMATIVE_SELECTED,YES,NORMATIVE_MINIMUM_REQUIRED,"Reference corpus only; not a normative source freeze, not a maturity advancement, and not a basis for CGP-006."
CGP005-NF-ES-CG-01-0026,CGSRC-ATLAS-0020,ES-CG-01,Master EquineSync Implementation Atlas V1.0 Adoption Report,MASTER_EQUINESYNC_IMPLEMENTATION_ATLAS_V1_0_ADOPTION_REPORT.md,docs/implementation/MASTER_EQUINESYNC_IMPLEMENTATION_ATLAS_V1_0_ADOPTION_REPORT.md,IMPLEMENTATION_ATLAS,CONTROLLING,CONTROLLING_FROZEN,1.0,,Founder,docs/implementation/MASTER_EQUINESYNC_IMPLEMENTATION_ATLAS_V1_0_ADOPTION_DECISION.md,ff2748796bf858f49a3f85bad0578850e1deb846,70cbd5eb7ad13732342c13f61378f376d22785db,BLOB,42bcd9e8fda71a92190bc48c4567b2a2834f12e8e9756bf492d611b0649e6126,VERIFIED_FILE,,,governance/implementation/code-guides/receipts/CGP_005_EXECUTION_RECEIPT.md,REPOSITORY_NATIVE_WITH_RETAINED_GAPS,,,CURRENT,NO_KNOWN_BLOCKING_CONFLICT,ES-CG-01 requires this approved authority to establish authority_precedence;founder_disposition;conflict;supersession;exceptions before any drafting begins.,The source has controlling status in the master inventory and supplies authority that cannot be replaced by repository behavior.,authority_precedence;founder_disposition;conflict;supersession;exceptions,CONTROLLING_AUTHORITY,Excluding it would remove or materially weaken the authority basis for the guide-specific source freeze.,ES-CG-01-DQ-0001,NO,,NORMATIVE_SELECTED,YES,NORMATIVE_MINIMUM_REQUIRED,"Reference corpus only; not a normative source freeze, not a maturity advancement, and not a basis for CGP-006."
CGP005-NF-ES-CG-01-0027,CGSRC-ATLAS-0021,ES-CG-01,Implementation Atlas V1.0 Adoption Verification Matrix,MASTER_EQUINESYNC_IMPLEMENTATION_ATLAS_V1_0_ADOPTION_VERIFICATION_MATRIX.md,docs/implementation/MASTER_EQUINESYNC_IMPLEMENTATION_ATLAS_V1_0_ADOPTION_VERIFICATION_MATRIX.md,IMPLEMENTATION_ATLAS,CONTROLLING,CONTROLLING_FROZEN,1.0,,Founder,docs/implementation/MASTER_EQUINESYNC_IMPLEMENTATION_ATLAS_V1_0_ADOPTION_DECISION.md,ff2748796bf858f49a3f85bad0578850e1deb846,397b7b5448cdf3e3ccb2135b99e16077586c6ded,BLOB,347cab97e341c38bb5fa8626fb5837ef096c4eb6de09cfa77f017df4be0e2fec,VERIFIED_FILE,,,governance/implementation/code-guides/receipts/CGP_005_EXECUTION_RECEIPT.md,REPOSITORY_NATIVE_WITH_RETAINED_GAPS,,,CURRENT,NO_KNOWN_BLOCKING_CONFLICT,ES-CG-01 requires this approved authority to establish authority_precedence;founder_disposition;conflict;supersession;exceptions before any drafting begins.,The source has controlling status in the master inventory and supplies authority that cannot be replaced by repository behavior.,authority_precedence;founder_disposition;conflict;supersession;exceptions,CONTROLLING_AUTHORITY,Excluding it would remove or materially weaken the authority basis for the guide-specific source freeze.,ES-CG-01-DQ-0001,NO,,NORMATIVE_SELECTED,YES,NORMATIVE_MINIMUM_REQUIRED,"Reference corpus only; not a normative source freeze, not a maturity advancement, and not a basis for CGP-006."
CGP005-NF-ES-CG-01-0028,CGSRC-CGP005-0005,ES-CG-01,CGP-003 Source Conflict Register,MASTER_CODE_GUIDE_SOURCE_CONFLICT_REGISTER.csv,governance/implementation/code-guides/source-accession/MASTER_CODE_GUIDE_SOURCE_CONFLICT_REGISTER.csv,REPOSITORY_EVIDENCE,SUPPORTING,IMPLEMENTATION_EVIDENCE_FROZEN,,2026-07-26,,,ff2748796bf858f49a3f85bad0578850e1deb846,d5cd05d7b70ec6c46a74e5953b2586192887ff2d,BLOB,692571c18d6ab47bd798ca890fad69938e298572c6de5b522b2e606d033b35ff,VERIFIED_FILE,,,governance/implementation/code-guides/receipts/CGP_005_EXECUTION_RECEIPT.md,REPOSITORY_NATIVE,,,CURRENT,NO_KNOWN_BLOCKING_CONFLICT,ES-CG-01 needs this exact evidence to identify a material current-state or program-evidence pattern within authority_precedence;founder_disposition;conflict;supersession;exceptions.,The row is implementation or program evidence only; it does not create product authority and is tied to the named requirement area.,authority_precedence;founder_disposition;conflict;supersession;exceptions,RETAINED_CONFLICT_EVIDENCE,Excluding it would remove the representative evidence needed to frame later drafting questions without copying behavior into policy.,ES-CG-01-DQ-0001,NO,CODE_GUIDE_PROGRAM_EVIDENCE,NORMATIVE_SELECTED,NO,NORMATIVE_MINIMUM_REQUIRED,
CGP005-NF-ES-CG-01-0029,CGSRC-CGP005-0006,ES-CG-01,CGP-003 Source Supersession Register,MASTER_CODE_GUIDE_SOURCE_SUPERSESSION_REGISTER.csv,governance/implementation/code-guides/source-accession/MASTER_CODE_GUIDE_SOURCE_SUPERSESSION_REGISTER.csv,REPOSITORY_EVIDENCE,SUPPORTING,IMPLEMENTATION_EVIDENCE_FROZEN,,2026-07-26,,,ff2748796bf858f49a3f85bad0578850e1deb846,45de96e0661f225de421526f8bc482c2dfe2316a,BLOB,c1858cb642eff2031296edd3b24ffb1555d589bfe01e11bd7266db78eba86115,VERIFIED_FILE,,,governance/implementation/code-guides/receipts/CGP_005_EXECUTION_RECEIPT.md,REPOSITORY_NATIVE,,,CURRENT,NO_KNOWN_BLOCKING_CONFLICT,ES-CG-01 needs this exact evidence to identify a material current-state or program-evidence pattern within authority_precedence;founder_disposition;conflict;supersession;exceptions.,The row is implementation or program evidence only; it does not create product authority and is tied to the named requirement area.,authority_precedence;founder_disposition;conflict;supersession;exceptions,RETAINED_CONFLICT_EVIDENCE,Excluding it would remove the representative evidence needed to frame later drafting questions without copying behavior into policy.,ES-CG-01-DQ-0001,NO,CODE_GUIDE_PROGRAM_EVIDENCE,NORMATIVE_SELECTED,NO,NORMATIVE_MINIMUM_REQUIRED,
CGP005-NF-ES-CG-01-0030,CGSRC-CGP005-0010,ES-CG-01,CGP-004 Founder Decision Reconciliation,CGP_004_FOUNDER_DECISION_RECONCILIATION.md,governance/implementation/code-guides/receipts/CGP_004_FOUNDER_DECISION_RECONCILIATION.md,REPOSITORY_EVIDENCE,SUPPORTING,IMPLEMENTATION_EVIDENCE_FROZEN,,2026-07-26,,,ff2748796bf858f49a3f85bad0578850e1deb846,bacf5b6f88c2a091ee877972ecefe09a7143ddbe,BLOB,1cd2b713b18b1a4118514ef14b571733aedfcc0f8e747708ca987eeff2d46d20,VERIFIED_FILE,,,governance/implementation/code-guides/receipts/CGP_005_EXECUTION_RECEIPT.md,REPOSITORY_NATIVE,,,CURRENT,NO_KNOWN_BLOCKING_CONFLICT,ES-CG-01 needs this exact evidence to identify a material current-state or program-evidence pattern within authority_precedence;founder_disposition;conflict;supersession;exceptions.,The row is implementation or program evidence only; it does not create product authority and is tied to the named requirement area.,authority_precedence;founder_disposition;conflict;supersession;exceptions,NECESSARY_IMPLEMENTATION_EVIDENCE,Excluding it would remove the representative evidence needed to frame later drafting questions without copying behavior into policy.,ES-CG-01-DQ-0001,NO,CODE_GUIDE_PROGRAM_EVIDENCE,NORMATIVE_SELECTED,NO,NORMATIVE_MINIMUM_REQUIRED,
CGP005-NF-ES-CG-01-0031,CGSRC-CGP005-0011,ES-CG-01,CGP-003 Founder Decision Reconciliation,CGP_003_FOUNDER_DECISION_RECONCILIATION.md,governance/implementation/code-guides/receipts/CGP_003_FOUNDER_DECISION_RECONCILIATION.md,REPOSITORY_EVIDENCE,SUPPORTING,IMPLEMENTATION_EVIDENCE_FROZEN,,2026-07-26,,,ff2748796bf858f49a3f85bad0578850e1deb846,490d74c0ffa5277442905959dcc08f3aba6b22ed,BLOB,51d3dcca4c4e03d7608c1f97fc8835c915c1156e0d9f8ea700dd24ccc6e069ca,VERIFIED_FILE,,,governance/implementation/code-guides/receipts/CGP_005_EXECUTION_RECEIPT.md,REPOSITORY_NATIVE,,,CURRENT,NO_KNOWN_BLOCKING_CONFLICT,ES-CG-01 needs this exact evidence to identify a material current-state or program-evidence pattern within authority_precedence;founder_disposition;conflict;supersession;exceptions.,The row is implementation or program evidence only; it does not create product authority and is tied to the named requirement area.,authority_precedence;founder_disposition;conflict;supersession;exceptions,NECESSARY_IMPLEMENTATION_EVIDENCE,Excluding it would remove the representative evidence needed to frame later drafting questions without copying behavior into policy.,ES-CG-01-DQ-0001,NO,CODE_GUIDE_PROGRAM_EVIDENCE,NORMATIVE_SELECTED,NO,NORMATIVE_MINIMUM_REQUIRED,
CGP005-NF-ES-CG-01-0032,CGSRC-CGP005-0202,ES-CG-01,Representative Backend Authentication Logic,auth.py,backend/core/auth.py,REPOSITORY_EVIDENCE,SUPPORTING,IMPLEMENTATION_EVIDENCE_FROZEN,,2026-07-26,,,ff2748796bf858f49a3f85bad0578850e1deb846,53e5f7b244dd2a110927d763a5a9f39a18763cb3,BLOB,1cb3027810567bc2e760196fdb062d38e1b05fc1782bea79252dd694da4eed1a,VERIFIED_FILE,,,governance/implementation/code-guides/receipts/CGP_005_EXECUTION_RECEIPT.md,REPOSITORY_NATIVE,,,CURRENT,NO_KNOWN_BLOCKING_CONFLICT,ES-CG-01 needs this exact evidence to identify a material current-state or program-evidence pattern within authority_precedence;founder_disposition;conflict;supersession;exceptions.,The row is implementation or program evidence only; it does not create product authority and is tied to the named requirement area.,authority_precedence;founder_disposition;conflict;supersession;exceptions,NECESSARY_IMPLEMENTATION_EVIDENCE,Excluding it would remove the representative evidence needed to frame later drafting questions without copying behavior into policy.,ES-CG-01-DQ-0001,NO,CGP004-COMP-0003,NORMATIVE_SELECTED,NO,NORMATIVE_MINIMUM_REQUIRED,
CGP005-NF-ES-CG-01-0033,CGSRC-CGP005-0203,ES-CG-01,Representative Backend Tenancy Logic,tenancy.py,backend/core/tenancy.py,REPOSITORY_EVIDENCE,SUPPORTING,IMPLEMENTATION_EVIDENCE_FROZEN,,2026-07-26,,,ff2748796bf858f49a3f85bad0578850e1deb846,8089ff67f79d00fbf10334f4db348c9c6c4ba869,BLOB,9ab6555d5461509d206187d16f28cd1912247c1b61fcc73fa8e5e86914828421,VERIFIED_FILE,,,governance/implementation/code-guides/receipts/CGP_005_EXECUTION_RECEIPT.md,REPOSITORY_NATIVE,,,CURRENT,NO_KNOWN_BLOCKING_CONFLICT,ES-CG-01 needs this exact evidence to identify a material current-state or program-evidence pattern within authority_precedence;founder_disposition;conflict;supersession;exceptions.,The row is implementation or program evidence only; it does not create product authority and is tied to the named requirement area.,authority_precedence;founder_disposition;conflict;supersession;exceptions,NECESSARY_IMPLEMENTATION_EVIDENCE,Excluding it would remove the representative evidence needed to frame later drafting questions without copying behavior into policy.,ES-CG-01-DQ-0001,NO,CGP004-COMP-0004,NORMATIVE_SELECTED,NO,NORMATIVE_MINIMUM_REQUIRED,
CGP005-NF-ES-CG-01-0034,CGSRC-CGP005-0204,ES-CG-01,Representative Backend Permission Logic,permissions.py,backend/core/permissions.py,REPOSITORY_EVIDENCE,SUPPORTING,IMPLEMENTATION_EVIDENCE_FROZEN,,2026-07-26,,,ff2748796bf858f49a3f85bad0578850e1deb846,44278446531aa0e000d32e5dda5e34714159473a,BLOB,a75361cfeff1e0fc5eb1aa4753c7105fd71ff9ca62524b4e0a86d01bdd0f7079,VERIFIED_FILE,,,governance/implementation/code-guides/receipts/CGP_005_EXECUTION_RECEIPT.md,REPOSITORY_NATIVE,,,CURRENT,NO_KNOWN_BLOCKING_CONFLICT,ES-CG-01 needs this exact evidence to identify a material current-state or program-evidence pattern within authority_precedence;founder_disposition;conflict;supersession;exceptions.,The row is implementation or program evidence only; it does not create product authority and is tied to the named requirement area.,authority_precedence;founder_disposition;conflict;supersession;exceptions,NECESSARY_IMPLEMENTATION_EVIDENCE,Excluding it would remove the representative evidence needed to frame later drafting questions without copying behavior into policy.,ES-CG-01-DQ-0001,NO,CGP004-COMP-0004,NORMATIVE_SELECTED,NO,NORMATIVE_MINIMUM_REQUIRED,
