requirement_id,requirement_text,source_refs,founder_decision_refs,acceptance_refs,test_refs,evidence_refs,gate
TCSN-REQ-001,"The system SHALL preserve separate canonical records for tasks, calendar events, schedule occurrences, notifications, acknowledgments, and escalations.",See SOURCE_REGISTER.csv and Section 40 family mapping,TCSN-FD-001 through TCSN-FD-020 as applicable,See REVISED_TRACEABILITY_MATRIX.csv,See REVISED_TRACEABILITY_MATRIX.csv,See EVIDENCE_MANIFEST.json,DOCUMENTARY_DESIGN_ONLY_IMPLEMENTATION_UNAUTHORIZED
TCSN-REQ-002,"The underlying domain record SHALL remain authoritative for substantive care, medical, financial, safeguarding, contractual, facility, lesson, show, or provider truth.",See SOURCE_REGISTER.csv and Section 40 family mapping,TCSN-FD-001 through TCSN-FD-020 as applicable,See REVISED_TRACEABILITY_MATRIX.csv,See REVISED_TRACEABILITY_MATRIX.csv,See EVIDENCE_MANIFEST.json,DOCUMENTARY_DESIGN_ONLY_IMPLEMENTATION_UNAUTHORIZED
TCSN-REQ-003,"The EquineSync calendar SHALL own EquineSync event identity, recurrence, schedule authority, time-zone treatment, and synchronization state.",See SOURCE_REGISTER.csv and Section 40 family mapping,TCSN-FD-001 through TCSN-FD-020 as applicable,See REVISED_TRACEABILITY_MATRIX.csv,See REVISED_TRACEABILITY_MATRIX.csv,See EVIDENCE_MANIFEST.json,DOCUMENTARY_DESIGN_ONLY_IMPLEMENTATION_UNAUTHORIZED
TCSN-REQ-004,"The task record SHALL own assignment, execution, exception, and completion truth for operational work.",See SOURCE_REGISTER.csv and Section 40 family mapping,TCSN-FD-001 through TCSN-FD-020 as applicable,See REVISED_TRACEABILITY_MATRIX.csv,See REVISED_TRACEABILITY_MATRIX.csv,See EVIDENCE_MANIFEST.json,DOCUMENTARY_DESIGN_ONLY_IMPLEMENTATION_UNAUTHORIZED
TCSN-REQ-005,"The notification record SHALL own delivery, failure, retry, channel, receipt, and acknowledgment evidence without mutating the underlying task or event.",See SOURCE_REGISTER.csv and Section 40 family mapping,TCSN-FD-001 through TCSN-FD-020 as applicable,See REVISED_TRACEABILITY_MATRIX.csv,See REVISED_TRACEABILITY_MATRIX.csv,See EVIDENCE_MANIFEST.json,DOCUMENTARY_DESIGN_ONLY_IMPLEMENTATION_UNAUTHORIZED
TCSN-REQ-006,A task SHALL NOT be created merely because an event exists unless an explicit rule or authorized actor creates or links it.,See SOURCE_REGISTER.csv and Section 40 family mapping,TCSN-FD-001 through TCSN-FD-020 as applicable,See REVISED_TRACEABILITY_MATRIX.csv,See REVISED_TRACEABILITY_MATRIX.csv,See EVIDENCE_MANIFEST.json,DOCUMENTARY_DESIGN_ONLY_IMPLEMENTATION_UNAUTHORIZED
TCSN-REQ-007,An event SHALL NOT be created merely because a task exists unless the task is scheduled or a user elects to place it on the calendar.,See SOURCE_REGISTER.csv and Section 40 family mapping,TCSN-FD-001 through TCSN-FD-020 as applicable,See REVISED_TRACEABILITY_MATRIX.csv,See REVISED_TRACEABILITY_MATRIX.csv,See EVIDENCE_MANIFEST.json,DOCUMENTARY_DESIGN_ONLY_IMPLEMENTATION_UNAUTHORIZED
TCSN-REQ-008,"A calendar event or task assignment SHALL NOT independently create medical, legal, financial, relationship, employment, guardian, or access authority.",See SOURCE_REGISTER.csv and Section 40 family mapping,TCSN-FD-001 through TCSN-FD-020 as applicable,See REVISED_TRACEABILITY_MATRIX.csv,See REVISED_TRACEABILITY_MATRIX.csv,See EVIDENCE_MANIFEST.json,DOCUMENTARY_DESIGN_ONLY_IMPLEMENTATION_UNAUTHORIZED
TCSN-REQ-009,"Every task, event, notification, escalation, and override SHALL identify one authoritative owning domain and one accountable record owner.",See SOURCE_REGISTER.csv and Section 40 family mapping,TCSN-FD-001 through TCSN-FD-020 as applicable,See REVISED_TRACEABILITY_MATRIX.csv,See REVISED_TRACEABILITY_MATRIX.csv,See EVIDENCE_MANIFEST.json,DOCUMENTARY_DESIGN_ONLY_IMPLEMENTATION_UNAUTHORIZED
TCSN-REQ-010,"The system SHALL expose the source, authority, and governing instruction for every system-generated operational item.",See SOURCE_REGISTER.csv and Section 40 family mapping,TCSN-FD-001 through TCSN-FD-020 as applicable,See REVISED_TRACEABILITY_MATRIX.csv,See REVISED_TRACEABILITY_MATRIX.csv,See EVIDENCE_MANIFEST.json,DOCUMENTARY_DESIGN_ONLY_IMPLEMENTATION_UNAUTHORIZED
TCSN-REQ-011,"Tasks SHALL support direct assignment, acceptance-required assignment, claimable assignment, suggested assignment, and emergency assignment.",See SOURCE_REGISTER.csv and Section 40 family mapping,TCSN-FD-001 through TCSN-FD-020 as applicable,See REVISED_TRACEABILITY_MATRIX.csv,See REVISED_TRACEABILITY_MATRIX.csv,See EVIDENCE_MANIFEST.json,DOCUMENTARY_DESIGN_ONLY_IMPLEMENTATION_UNAUTHORIZED
TCSN-REQ-012,"Assignment mode SHALL be determined by task type, governing authority, risk class, and organizational configuration.",See SOURCE_REGISTER.csv and Section 40 family mapping,TCSN-FD-001 through TCSN-FD-020 as applicable,See REVISED_TRACEABILITY_MATRIX.csv,See REVISED_TRACEABILITY_MATRIX.csv,See EVIDENCE_MANIFEST.json,DOCUMENTARY_DESIGN_ONLY_IMPLEMENTATION_UNAUTHORIZED
TCSN-REQ-013,Assignment SHALL NOT grant broader access than the minimum information required to perform the work.,See SOURCE_REGISTER.csv and Section 40 family mapping,TCSN-FD-001 through TCSN-FD-020 as applicable,See REVISED_TRACEABILITY_MATRIX.csv,See REVISED_TRACEABILITY_MATRIX.csv,See EVIDENCE_MANIFEST.json,DOCUMENTARY_DESIGN_ONLY_IMPLEMENTATION_UNAUTHORIZED
TCSN-REQ-014,"Delegation SHALL distinguish reassignment, retained-responsibility delegation, substitute coverage, authorized pool claim, emergency takeover, and supervisor override.",See SOURCE_REGISTER.csv and Section 40 family mapping,TCSN-FD-001 through TCSN-FD-020 as applicable,See REVISED_TRACEABILITY_MATRIX.csv,See REVISED_TRACEABILITY_MATRIX.csv,See EVIDENCE_MANIFEST.json,DOCUMENTARY_DESIGN_ONLY_IMPLEMENTATION_UNAUTHORIZED
TCSN-REQ-015,"Delegation SHALL be prohibited when the task type, governing instruction, professional scope, safeguarding rule, or assigning authority does not permit it.",See SOURCE_REGISTER.csv and Section 40 family mapping,TCSN-FD-001 through TCSN-FD-020 as applicable,See REVISED_TRACEABILITY_MATRIX.csv,See REVISED_TRACEABILITY_MATRIX.csv,See EVIDENCE_MANIFEST.json,DOCUMENTARY_DESIGN_ONLY_IMPLEMENTATION_UNAUTHORIZED
TCSN-REQ-016,"Tasks SHALL support due instants, due windows, start windows, no-fixed-time due dates, and unscheduled backlog states.",See SOURCE_REGISTER.csv and Section 40 family mapping,TCSN-FD-001 through TCSN-FD-020 as applicable,See REVISED_TRACEABILITY_MATRIX.csv,See REVISED_TRACEABILITY_MATRIX.csv,See EVIDENCE_MANIFEST.json,DOCUMENTARY_DESIGN_ONLY_IMPLEMENTATION_UNAUTHORIZED
TCSN-REQ-017,"Task completion SHALL preserve completing actor, actual completion time, entered time, location context, instruction version, evidence, exception, offline status, and synchronization time.",See SOURCE_REGISTER.csv and Section 40 family mapping,TCSN-FD-001 through TCSN-FD-020 as applicable,See REVISED_TRACEABILITY_MATRIX.csv,See REVISED_TRACEABILITY_MATRIX.csv,See EVIDENCE_MANIFEST.json,DOCUMENTARY_DESIGN_ONLY_IMPLEMENTATION_UNAUTHORIZED
TCSN-REQ-018,A completion entered after the due time SHALL preserve the original due time and shall not erase an already-triggered escalation.,See SOURCE_REGISTER.csv and Section 40 family mapping,TCSN-FD-001 through TCSN-FD-020 as applicable,See REVISED_TRACEABILITY_MATRIX.csv,See REVISED_TRACEABILITY_MATRIX.csv,See EVIDENCE_MANIFEST.json,DOCUMENTARY_DESIGN_ONLY_IMPLEMENTATION_UNAUTHORIZED
TCSN-REQ-019,"Backdated completion SHALL require an asserted completion time, entry time, entering actor, and reason.",See SOURCE_REGISTER.csv and Section 40 family mapping,TCSN-FD-001 through TCSN-FD-020 as applicable,See REVISED_TRACEABILITY_MATRIX.csv,See REVISED_TRACEABILITY_MATRIX.csv,See EVIDENCE_MANIFEST.json,DOCUMENTARY_DESIGN_ONLY_IMPLEMENTATION_UNAUTHORIZED
TCSN-REQ-020,High-risk late or backdated completion MAY require supervisor review according to policy.,See SOURCE_REGISTER.csv and Section 40 family mapping,TCSN-FD-001 through TCSN-FD-020 as applicable,See REVISED_TRACEABILITY_MATRIX.csv,See REVISED_TRACEABILITY_MATRIX.csv,See EVIDENCE_MANIFEST.json,DOCUMENTARY_DESIGN_ONLY_IMPLEMENTATION_UNAUTHORIZED
TCSN-REQ-021,"Task completion states SHALL distinguish completed, completed-with-exception, unable-to-complete, declined, canceled, superseded, and duplicate.",See SOURCE_REGISTER.csv and Section 40 family mapping,TCSN-FD-001 through TCSN-FD-020 as applicable,See REVISED_TRACEABILITY_MATRIX.csv,See REVISED_TRACEABILITY_MATRIX.csv,See EVIDENCE_MANIFEST.json,DOCUMENTARY_DESIGN_ONLY_IMPLEMENTATION_UNAUTHORIZED
TCSN-REQ-022,Completion evidence requirements SHALL be configurable by task template and risk class.,See SOURCE_REGISTER.csv and Section 40 family mapping,TCSN-FD-001 through TCSN-FD-020 as applicable,See REVISED_TRACEABILITY_MATRIX.csv,See REVISED_TRACEABILITY_MATRIX.csv,See EVIDENCE_MANIFEST.json,DOCUMENTARY_DESIGN_ONLY_IMPLEMENTATION_UNAUTHORIZED
TCSN-REQ-023,A task SHALL NOT be marked complete solely because its notification was opened or acknowledged.,See SOURCE_REGISTER.csv and Section 40 family mapping,TCSN-FD-001 through TCSN-FD-020 as applicable,See REVISED_TRACEABILITY_MATRIX.csv,See REVISED_TRACEABILITY_MATRIX.csv,See EVIDENCE_MANIFEST.json,DOCUMENTARY_DESIGN_ONLY_IMPLEMENTATION_UNAUTHORIZED
TCSN-REQ-024,"Task correction SHALL preserve original values, corrected values, reason, actor, effective time, and audit lineage.",See SOURCE_REGISTER.csv and Section 40 family mapping,TCSN-FD-001 through TCSN-FD-020 as applicable,See REVISED_TRACEABILITY_MATRIX.csv,See REVISED_TRACEABILITY_MATRIX.csv,See EVIDENCE_MANIFEST.json,DOCUMENTARY_DESIGN_ONLY_IMPLEMENTATION_UNAUTHORIZED
TCSN-REQ-025,"Recurring tasks and events SHALL support editing one occurrence, this-and-following occurrences, or the entire future series.",See SOURCE_REGISTER.csv and Section 40 family mapping,TCSN-FD-001 through TCSN-FD-020 as applicable,See REVISED_TRACEABILITY_MATRIX.csv,See REVISED_TRACEABILITY_MATRIX.csv,See EVIDENCE_MANIFEST.json,DOCUMENTARY_DESIGN_ONLY_IMPLEMENTATION_UNAUTHORIZED
TCSN-REQ-026,Completed or historical occurrences SHALL NOT be silently rewritten by edits to a recurring series.,See SOURCE_REGISTER.csv and Section 40 family mapping,TCSN-FD-001 through TCSN-FD-020 as applicable,See REVISED_TRACEABILITY_MATRIX.csv,See REVISED_TRACEABILITY_MATRIX.csv,See EVIDENCE_MANIFEST.json,DOCUMENTARY_DESIGN_ONLY_IMPLEMENTATION_UNAUTHORIZED
TCSN-REQ-027,"Recurrence SHALL support daily, weekly, monthly, interval, rule-based, and domain-generated patterns with explicit exclusions.",See SOURCE_REGISTER.csv and Section 40 family mapping,TCSN-FD-001 through TCSN-FD-020 as applicable,See REVISED_TRACEABILITY_MATRIX.csv,See REVISED_TRACEABILITY_MATRIX.csv,See EVIDENCE_MANIFEST.json,DOCUMENTARY_DESIGN_ONLY_IMPLEMENTATION_UNAUTHORIZED
TCSN-REQ-028,The system SHALL preserve recurrence rule version and occurrence-generation provenance.,See SOURCE_REGISTER.csv and Section 40 family mapping,TCSN-FD-001 through TCSN-FD-020 as applicable,See REVISED_TRACEABILITY_MATRIX.csv,See REVISED_TRACEABILITY_MATRIX.csv,See EVIDENCE_MANIFEST.json,DOCUMENTARY_DESIGN_ONLY_IMPLEMENTATION_UNAUTHORIZED
TCSN-REQ-029,Canceling a series SHALL preserve historical occurrences and identify the cancellation scope and reason.,See SOURCE_REGISTER.csv and Section 40 family mapping,TCSN-FD-001 through TCSN-FD-020 as applicable,See REVISED_TRACEABILITY_MATRIX.csv,See REVISED_TRACEABILITY_MATRIX.csv,See EVIDENCE_MANIFEST.json,DOCUMENTARY_DESIGN_ONLY_IMPLEMENTATION_UNAUTHORIZED
TCSN-REQ-030,Skipped or excepted occurrences SHALL remain queryable and auditable.,See SOURCE_REGISTER.csv and Section 40 family mapping,TCSN-FD-001 through TCSN-FD-020 as applicable,See REVISED_TRACEABILITY_MATRIX.csv,See REVISED_TRACEABILITY_MATRIX.csv,See EVIDENCE_MANIFEST.json,DOCUMENTARY_DESIGN_ONLY_IMPLEMENTATION_UNAUTHORIZED
TCSN-REQ-031,"Calendar events SHALL distinguish EquineSync-source, imported, synchronized, external-only, tentative, canceled, conflicted, and failed-sync states.",See SOURCE_REGISTER.csv and Section 40 family mapping,TCSN-FD-001 through TCSN-FD-020 as applicable,See REVISED_TRACEABILITY_MATRIX.csv,See REVISED_TRACEABILITY_MATRIX.csv,See EVIDENCE_MANIFEST.json,DOCUMENTARY_DESIGN_ONLY_IMPLEMENTATION_UNAUTHORIZED
TCSN-REQ-032,Imported external events SHALL be visibly labeled and SHALL NOT silently become authoritative EquineSync operational records.,See SOURCE_REGISTER.csv and Section 40 family mapping,TCSN-FD-001 through TCSN-FD-020 as applicable,See REVISED_TRACEABILITY_MATRIX.csv,See REVISED_TRACEABILITY_MATRIX.csv,See EVIDENCE_MANIFEST.json,DOCUMENTARY_DESIGN_ONLY_IMPLEMENTATION_UNAUTHORIZED
TCSN-REQ-033,Google Calendar and Microsoft calendar synchronization MAY be bidirectional only when authorized and technically approved.,See SOURCE_REGISTER.csv and Section 40 family mapping,TCSN-FD-001 through TCSN-FD-020 as applicable,See REVISED_TRACEABILITY_MATRIX.csv,See REVISED_TRACEABILITY_MATRIX.csv,See EVIDENCE_MANIFEST.json,DOCUMENTARY_DESIGN_ONLY_IMPLEMENTATION_UNAUTHORIZED
TCSN-REQ-034,Apple Calendar initial support SHALL use controlled ICS subscription or export unless a later adapter is approved.,See SOURCE_REGISTER.csv and Section 40 family mapping,TCSN-FD-001 through TCSN-FD-020 as applicable,See REVISED_TRACEABILITY_MATRIX.csv,See REVISED_TRACEABILITY_MATRIX.csv,See EVIDENCE_MANIFEST.json,DOCUMENTARY_DESIGN_ONLY_IMPLEMENTATION_UNAUTHORIZED
TCSN-REQ-035,External adapters SHALL remain provider-neutral and replaceable.,See SOURCE_REGISTER.csv and Section 40 family mapping,TCSN-FD-001 through TCSN-FD-020 as applicable,See REVISED_TRACEABILITY_MATRIX.csv,See REVISED_TRACEABILITY_MATRIX.csv,See EVIDENCE_MANIFEST.json,DOCUMENTARY_DESIGN_ONLY_IMPLEMENTATION_UNAUTHORIZED
TCSN-REQ-036,External deletion SHALL NOT silently delete an authoritative EquineSync event without the approved conflict and deletion policy.,See SOURCE_REGISTER.csv and Section 40 family mapping,TCSN-FD-001 through TCSN-FD-020 as applicable,See REVISED_TRACEABILITY_MATRIX.csv,See REVISED_TRACEABILITY_MATRIX.csv,See EVIDENCE_MANIFEST.json,DOCUMENTARY_DESIGN_ONLY_IMPLEMENTATION_UNAUTHORIZED
TCSN-REQ-037,"Synchronization SHALL provide duplicate prevention, idempotency, conflict visibility, revocation handling, retry, dead-letter treatment, and reconciliation.",See SOURCE_REGISTER.csv and Section 40 family mapping,TCSN-FD-001 through TCSN-FD-020 as applicable,See REVISED_TRACEABILITY_MATRIX.csv,See REVISED_TRACEABILITY_MATRIX.csv,See EVIDENCE_MANIFEST.json,DOCUMENTARY_DESIGN_ONLY_IMPLEMENTATION_UNAUTHORIZED
TCSN-REQ-038,The system SHALL display sync health and last successful synchronization for connected calendars.,See SOURCE_REGISTER.csv and Section 40 family mapping,TCSN-FD-001 through TCSN-FD-020 as applicable,See REVISED_TRACEABILITY_MATRIX.csv,See REVISED_TRACEABILITY_MATRIX.csv,See EVIDENCE_MANIFEST.json,DOCUMENTARY_DESIGN_ONLY_IMPLEMENTATION_UNAUTHORIZED
TCSN-REQ-039,"Scheduling conflicts SHALL be classified as hard, soft, informational, or unknown-availability.",See SOURCE_REGISTER.csv and Section 40 family mapping,TCSN-FD-001 through TCSN-FD-020 as applicable,See REVISED_TRACEABILITY_MATRIX.csv,See REVISED_TRACEABILITY_MATRIX.csv,See EVIDENCE_MANIFEST.json,DOCUMENTARY_DESIGN_ONLY_IMPLEMENTATION_UNAUTHORIZED
TCSN-REQ-040,"Conflict evaluation SHALL support people, horses, facilities, arenas, stalls, treatment spaces, trailers, equipment, providers, travel buffers, welfare limits, and guardian participation where applicable.",See SOURCE_REGISTER.csv and Section 40 family mapping,TCSN-FD-001 through TCSN-FD-020 as applicable,See REVISED_TRACEABILITY_MATRIX.csv,See REVISED_TRACEABILITY_MATRIX.csv,See EVIDENCE_MANIFEST.json,DOCUMENTARY_DESIGN_ONLY_IMPLEMENTATION_UNAUTHORIZED
TCSN-REQ-041,Hard conflicts SHALL block scheduling unless an authorized override exists.,See SOURCE_REGISTER.csv and Section 40 family mapping,TCSN-FD-001 through TCSN-FD-020 as applicable,See REVISED_TRACEABILITY_MATRIX.csv,See REVISED_TRACEABILITY_MATRIX.csv,See EVIDENCE_MANIFEST.json,DOCUMENTARY_DESIGN_ONLY_IMPLEMENTATION_UNAUTHORIZED
TCSN-REQ-042,"Conflict overrides SHALL record actor, authority, reason, affected resources, time, and downstream notification behavior.",See SOURCE_REGISTER.csv and Section 40 family mapping,TCSN-FD-001 through TCSN-FD-020 as applicable,See REVISED_TRACEABILITY_MATRIX.csv,See REVISED_TRACEABILITY_MATRIX.csv,See EVIDENCE_MANIFEST.json,DOCUMENTARY_DESIGN_ONLY_IMPLEMENTATION_UNAUTHORIZED
TCSN-REQ-043,Unknown availability SHALL be disclosed rather than represented as confirmed availability.,See SOURCE_REGISTER.csv and Section 40 family mapping,TCSN-FD-001 through TCSN-FD-020 as applicable,See REVISED_TRACEABILITY_MATRIX.csv,See REVISED_TRACEABILITY_MATRIX.csv,See EVIDENCE_MANIFEST.json,DOCUMENTARY_DESIGN_ONLY_IMPLEMENTATION_UNAUTHORIZED
TCSN-REQ-044,Travel time and setup or recovery buffers MAY be configured as scheduling constraints.,See SOURCE_REGISTER.csv and Section 40 family mapping,TCSN-FD-001 through TCSN-FD-020 as applicable,See REVISED_TRACEABILITY_MATRIX.csv,See REVISED_TRACEABILITY_MATRIX.csv,See EVIDENCE_MANIFEST.json,DOCUMENTARY_DESIGN_ONLY_IMPLEMENTATION_UNAUTHORIZED
TCSN-REQ-045,"The system SHALL preserve authoritative event time zone, facility time zone, user display time zone, UTC instant, and daylight-saving interpretation.",See SOURCE_REGISTER.csv and Section 40 family mapping,TCSN-FD-001 through TCSN-FD-020 as applicable,See REVISED_TRACEABILITY_MATRIX.csv,See REVISED_TRACEABILITY_MATRIX.csv,See EVIDENCE_MANIFEST.json,DOCUMENTARY_DESIGN_ONLY_IMPLEMENTATION_UNAUTHORIZED
TCSN-REQ-046,Travel or device time-zone change SHALL NOT silently shift the authoritative time of a horse-care or safety-critical schedule.,See SOURCE_REGISTER.csv and Section 40 family mapping,TCSN-FD-001 through TCSN-FD-020 as applicable,See REVISED_TRACEABILITY_MATRIX.csv,See REVISED_TRACEABILITY_MATRIX.csv,See EVIDENCE_MANIFEST.json,DOCUMENTARY_DESIGN_ONLY_IMPLEMENTATION_UNAUTHORIZED
TCSN-REQ-047,Ambiguous or nonexistent daylight-saving local times SHALL require deterministic handling and visible explanation.,See SOURCE_REGISTER.csv and Section 40 family mapping,TCSN-FD-001 through TCSN-FD-020 as applicable,See REVISED_TRACEABILITY_MATRIX.csv,See REVISED_TRACEABILITY_MATRIX.csv,See EVIDENCE_MANIFEST.json,DOCUMENTARY_DESIGN_ONLY_IMPLEMENTATION_UNAUTHORIZED
TCSN-REQ-048,"Time changes SHALL preserve old and new values, source, actor, and notification effects.",See SOURCE_REGISTER.csv and Section 40 family mapping,TCSN-FD-001 through TCSN-FD-020 as applicable,See REVISED_TRACEABILITY_MATRIX.csv,See REVISED_TRACEABILITY_MATRIX.csv,See EVIDENCE_MANIFEST.json,DOCUMENTARY_DESIGN_ONLY_IMPLEMENTATION_UNAUTHORIZED
TCSN-REQ-049,"Notifications SHALL support in-app, push, email, optional SMS, digest, and administrator-visible failed-delivery queues in the initial controlled scope.",See SOURCE_REGISTER.csv and Section 40 family mapping,TCSN-FD-001 through TCSN-FD-020 as applicable,See REVISED_TRACEABILITY_MATRIX.csv,See REVISED_TRACEABILITY_MATRIX.csv,See EVIDENCE_MANIFEST.json,DOCUMENTARY_DESIGN_ONLY_IMPLEMENTATION_UNAUTHORIZED
TCSN-REQ-050,"SMS SHALL remain optional, consent-aware, cost-aware, and subject to channel suitability, contact verification, opt-out, and mandatory-notice rules.",See SOURCE_REGISTER.csv and Section 40 family mapping,TCSN-FD-001 through TCSN-FD-020 as applicable,See REVISED_TRACEABILITY_MATRIX.csv,See REVISED_TRACEABILITY_MATRIX.csv,See EVIDENCE_MANIFEST.json,DOCUMENTARY_DESIGN_ONLY_IMPLEMENTATION_UNAUTHORIZED
TCSN-REQ-051,"Voice calling, WhatsApp or similar consumer channels, and automated emergency calling trees SHALL remain outside the initial scope unless separately authorized.",See SOURCE_REGISTER.csv and Section 40 family mapping,TCSN-FD-001 through TCSN-FD-020 as applicable,See REVISED_TRACEABILITY_MATRIX.csv,See REVISED_TRACEABILITY_MATRIX.csv,See EVIDENCE_MANIFEST.json,DOCUMENTARY_DESIGN_ONLY_IMPLEMENTATION_UNAUTHORIZED
TCSN-REQ-052,"Notification states SHALL distinguish queued, sent, provider-accepted, delivered, viewed, acknowledged, failed, suppressed, expired, retried, dead-lettered, and superseded.",See SOURCE_REGISTER.csv and Section 40 family mapping,TCSN-FD-001 through TCSN-FD-020 as applicable,See REVISED_TRACEABILITY_MATRIX.csv,See REVISED_TRACEABILITY_MATRIX.csv,See EVIDENCE_MANIFEST.json,DOCUMENTARY_DESIGN_ONLY_IMPLEMENTATION_UNAUTHORIZED
TCSN-REQ-053,"Acknowledgment SHALL be distinct from assignment acceptance, consent, professional approval, task completion, and legal assent.",See SOURCE_REGISTER.csv and Section 40 family mapping,TCSN-FD-001 through TCSN-FD-020 as applicable,See REVISED_TRACEABILITY_MATRIX.csv,See REVISED_TRACEABILITY_MATRIX.csv,See EVIDENCE_MANIFEST.json,DOCUMENTARY_DESIGN_ONLY_IMPLEMENTATION_UNAUTHORIZED
TCSN-REQ-054,"Routine notifications MAY respect quiet hours, digests, preferences, and channel selections.",See SOURCE_REGISTER.csv and Section 40 family mapping,TCSN-FD-001 through TCSN-FD-020 as applicable,See REVISED_TRACEABILITY_MATRIX.csv,See REVISED_TRACEABILITY_MATRIX.csv,See EVIDENCE_MANIFEST.json,DOCUMENTARY_DESIGN_ONLY_IMPLEMENTATION_UNAUTHORIZED
TCSN-REQ-055,"Safety-critical, welfare-critical, safeguarding, mandatory legal, or approved emergency communications MAY override quiet hours.",See SOURCE_REGISTER.csv and Section 40 family mapping,TCSN-FD-001 through TCSN-FD-020 as applicable,See REVISED_TRACEABILITY_MATRIX.csv,See REVISED_TRACEABILITY_MATRIX.csv,See EVIDENCE_MANIFEST.json,DOCUMENTARY_DESIGN_ONLY_IMPLEMENTATION_UNAUTHORIZED
TCSN-REQ-056,"Every quiet-hours override SHALL preserve classification, reason, sender or automation, recipients, channel, delivery result, and acknowledgment requirement.",See SOURCE_REGISTER.csv and Section 40 family mapping,TCSN-FD-001 through TCSN-FD-020 as applicable,See REVISED_TRACEABILITY_MATRIX.csv,See REVISED_TRACEABILITY_MATRIX.csv,See EVIDENCE_MANIFEST.json,DOCUMENTARY_DESIGN_ONLY_IMPLEMENTATION_UNAUTHORIZED
TCSN-REQ-057,"Notification routing SHALL apply recipient identity, relationship, role, tenant, facility, horse, guardian, and communication-capacity rules.",See SOURCE_REGISTER.csv and Section 40 family mapping,TCSN-FD-001 through TCSN-FD-020 as applicable,See REVISED_TRACEABILITY_MATRIX.csv,See REVISED_TRACEABILITY_MATRIX.csv,See EVIDENCE_MANIFEST.json,DOCUMENTARY_DESIGN_ONLY_IMPLEMENTATION_UNAUTHORIZED
TCSN-REQ-058,"Routine notification volume SHALL support coalescing, duplicate suppression, per-horse grouping, per-facility grouping, and configurable digests.",See SOURCE_REGISTER.csv and Section 40 family mapping,TCSN-FD-001 through TCSN-FD-020 as applicable,See REVISED_TRACEABILITY_MATRIX.csv,See REVISED_TRACEABILITY_MATRIX.csv,See EVIDENCE_MANIFEST.json,DOCUMENTARY_DESIGN_ONLY_IMPLEMENTATION_UNAUTHORIZED
TCSN-REQ-059,Urgent or mandatory communications SHALL NOT be hidden inside routine digests.,See SOURCE_REGISTER.csv and Section 40 family mapping,TCSN-FD-001 through TCSN-FD-020 as applicable,See REVISED_TRACEABILITY_MATRIX.csv,See REVISED_TRACEABILITY_MATRIX.csv,See EVIDENCE_MANIFEST.json,DOCUMENTARY_DESIGN_ONLY_IMPLEMENTATION_UNAUTHORIZED
TCSN-REQ-060,"Failed delivery SHALL trigger policy-based fallback, retry, escalation, or administrator review without being misrepresented as refusal or acknowledgment.",See SOURCE_REGISTER.csv and Section 40 family mapping,TCSN-FD-001 through TCSN-FD-020 as applicable,See REVISED_TRACEABILITY_MATRIX.csv,See REVISED_TRACEABILITY_MATRIX.csv,See EVIDENCE_MANIFEST.json,DOCUMENTARY_DESIGN_ONLY_IMPLEMENTATION_UNAUTHORIZED
TCSN-REQ-061,"Missed-task escalation SHALL use configurable risk classes: routine, time-sensitive, welfare-sensitive, health-sensitive, safety-critical, safeguarding-sensitive, legal or mandatory notice, and emergency.",See SOURCE_REGISTER.csv and Section 40 family mapping,TCSN-FD-001 through TCSN-FD-020 as applicable,See REVISED_TRACEABILITY_MATRIX.csv,See REVISED_TRACEABILITY_MATRIX.csv,See EVIDENCE_MANIFEST.json,DOCUMENTARY_DESIGN_ONLY_IMPLEMENTATION_UNAUTHORIZED
TCSN-REQ-062,"Escalation SHALL consider severity, due window, grace period, operational hours, acknowledgment, substitute coverage, responsible role, horse, and facility.",See SOURCE_REGISTER.csv and Section 40 family mapping,TCSN-FD-001 through TCSN-FD-020 as applicable,See REVISED_TRACEABILITY_MATRIX.csv,See REVISED_TRACEABILITY_MATRIX.csv,See EVIDENCE_MANIFEST.json,DOCUMENTARY_DESIGN_ONLY_IMPLEMENTATION_UNAUTHORIZED
TCSN-REQ-063,Escalation ceilings and recipient chains SHALL prevent uncontrolled message storms.,See SOURCE_REGISTER.csv and Section 40 family mapping,TCSN-FD-001 through TCSN-FD-020 as applicable,See REVISED_TRACEABILITY_MATRIX.csv,See REVISED_TRACEABILITY_MATRIX.csv,See EVIDENCE_MANIFEST.json,DOCUMENTARY_DESIGN_ONLY_IMPLEMENTATION_UNAUTHORIZED
TCSN-REQ-064,"Escalation SHALL stop, continue, or transform according to completion, exception, acknowledgment, reassignment, cancellation, and recovery state.",See SOURCE_REGISTER.csv and Section 40 family mapping,TCSN-FD-001 through TCSN-FD-020 as applicable,See REVISED_TRACEABILITY_MATRIX.csv,See REVISED_TRACEABILITY_MATRIX.csv,See EVIDENCE_MANIFEST.json,DOCUMENTARY_DESIGN_ONLY_IMPLEMENTATION_UNAUTHORIZED
TCSN-REQ-065,"Automated task or event creation SHALL be permitted only through explicit, versioned rules or authorized user action.",See SOURCE_REGISTER.csv and Section 40 family mapping,TCSN-FD-001 through TCSN-FD-020 as applicable,See REVISED_TRACEABILITY_MATRIX.csv,See REVISED_TRACEABILITY_MATRIX.csv,See EVIDENCE_MANIFEST.json,DOCUMENTARY_DESIGN_ONLY_IMPLEMENTATION_UNAUTHORIZED
TCSN-REQ-066,"Every generated item SHALL identify source record, generating rule version, generating actor or service, cancellation behavior, and source-change behavior.",See SOURCE_REGISTER.csv and Section 40 family mapping,TCSN-FD-001 through TCSN-FD-020 as applicable,See REVISED_TRACEABILITY_MATRIX.csv,See REVISED_TRACEABILITY_MATRIX.csv,See EVIDENCE_MANIFEST.json,DOCUMENTARY_DESIGN_ONLY_IMPLEMENTATION_UNAUTHORIZED
TCSN-REQ-067,"Care plans, medication schedules, provider recommendations, lesson bookings, show itineraries, maintenance plans, inventory thresholds, and incident follow-up MAY generate linked items through their owning PIAs.",See SOURCE_REGISTER.csv and Section 40 family mapping,TCSN-FD-001 through TCSN-FD-020 as applicable,See REVISED_TRACEABILITY_MATRIX.csv,See REVISED_TRACEABILITY_MATRIX.csv,See EVIDENCE_MANIFEST.json,DOCUMENTARY_DESIGN_ONLY_IMPLEMENTATION_UNAUTHORIZED
TCSN-REQ-068,"AI SHALL NOT independently create or assign safety-critical, medical, safeguarding, legal, financial, or irreversible work without an approved human-review rule.",See SOURCE_REGISTER.csv and Section 40 family mapping,TCSN-FD-001 through TCSN-FD-020 as applicable,See REVISED_TRACEABILITY_MATRIX.csv,See REVISED_TRACEABILITY_MATRIX.csv,See EVIDENCE_MANIFEST.json,DOCUMENTARY_DESIGN_ONLY_IMPLEMENTATION_UNAUTHORIZED
TCSN-REQ-069,Users SHALL be able to create personal convenience reminders that do not change authoritative operational truth.,See SOURCE_REGISTER.csv and Section 40 family mapping,TCSN-FD-001 through TCSN-FD-020 as applicable,See REVISED_TRACEABILITY_MATRIX.csv,See REVISED_TRACEABILITY_MATRIX.csv,See EVIDENCE_MANIFEST.json,DOCUMENTARY_DESIGN_ONLY_IMPLEMENTATION_UNAUTHORIZED
TCSN-REQ-070,"Mandatory, safety-critical, safeguarding, welfare, or legal reminders SHALL NOT be disabled through ordinary personal preferences.",See SOURCE_REGISTER.csv and Section 40 family mapping,TCSN-FD-001 through TCSN-FD-020 as applicable,See REVISED_TRACEABILITY_MATRIX.csv,See REVISED_TRACEABILITY_MATRIX.csv,See EVIDENCE_MANIFEST.json,DOCUMENTARY_DESIGN_ONLY_IMPLEMENTATION_UNAUTHORIZED
TCSN-REQ-071,"Offline task viewing, execution, exception recording, and evidence capture SHALL be supported for previously authorized data.",See SOURCE_REGISTER.csv and Section 40 family mapping,TCSN-FD-001 through TCSN-FD-020 as applicable,See REVISED_TRACEABILITY_MATRIX.csv,See REVISED_TRACEABILITY_MATRIX.csv,See EVIDENCE_MANIFEST.json,DOCUMENTARY_DESIGN_ONLY_IMPLEMENTATION_UNAUTHORIZED
TCSN-REQ-072,"Offline changes SHALL display unsynchronized status and preserve device, actor, local time, authoritative time context, and retry state.",See SOURCE_REGISTER.csv and Section 40 family mapping,TCSN-FD-001 through TCSN-FD-020 as applicable,See REVISED_TRACEABILITY_MATRIX.csv,See REVISED_TRACEABILITY_MATRIX.csv,See EVIDENCE_MANIFEST.json,DOCUMENTARY_DESIGN_ONLY_IMPLEMENTATION_UNAUTHORIZED
TCSN-REQ-073,Offline synchronization SHALL be idempotent and SHALL prevent duplicate completion or duplicate notifications.,See SOURCE_REGISTER.csv and Section 40 family mapping,TCSN-FD-001 through TCSN-FD-020 as applicable,See REVISED_TRACEABILITY_MATRIX.csv,See REVISED_TRACEABILITY_MATRIX.csv,See EVIDENCE_MANIFEST.json,DOCUMENTARY_DESIGN_ONLY_IMPLEMENTATION_UNAUTHORIZED
TCSN-REQ-074,Irreconcilable offline conflicts SHALL enter a review state rather than silently selecting the last write.,See SOURCE_REGISTER.csv and Section 40 family mapping,TCSN-FD-001 through TCSN-FD-020 as applicable,See REVISED_TRACEABILITY_MATRIX.csv,See REVISED_TRACEABILITY_MATRIX.csv,See EVIDENCE_MANIFEST.json,DOCUMENTARY_DESIGN_ONLY_IMPLEMENTATION_UNAUTHORIZED
TCSN-REQ-075,Revoked or expired access SHALL limit offline data availability and SHALL be reconciled at the earliest supported connection.,See SOURCE_REGISTER.csv and Section 40 family mapping,TCSN-FD-001 through TCSN-FD-020 as applicable,See REVISED_TRACEABILITY_MATRIX.csv,See REVISED_TRACEABILITY_MATRIX.csv,See EVIDENCE_MANIFEST.json,DOCUMENTARY_DESIGN_ONLY_IMPLEMENTATION_UNAUTHORIZED
TCSN-REQ-076,"The initial controlled release SHALL include native tasks, one-time and recurring schedules, assignment and acceptance, due windows, offline completion, evidence, exceptions, escalation, in-app, push, email, optional SMS, basic calendar views, and failed-delivery administration.",See SOURCE_REGISTER.csv and Section 40 family mapping,TCSN-FD-001 through TCSN-FD-020 as applicable,See REVISED_TRACEABILITY_MATRIX.csv,See REVISED_TRACEABILITY_MATRIX.csv,See EVIDENCE_MANIFEST.json,DOCUMENTARY_DESIGN_ONLY_IMPLEMENTATION_UNAUTHORIZED
TCSN-REQ-077,"Google Calendar synchronization MAY be activated behind a feature flag after adapter, security, privacy, test, and rollback readiness.",See SOURCE_REGISTER.csv and Section 40 family mapping,TCSN-FD-001 through TCSN-FD-020 as applicable,See REVISED_TRACEABILITY_MATRIX.csv,See REVISED_TRACEABILITY_MATRIX.csv,See EVIDENCE_MANIFEST.json,DOCUMENTARY_DESIGN_ONLY_IMPLEMENTATION_UNAUTHORIZED
TCSN-REQ-078,"Advanced workforce optimization, automated route planning, broad marketplace booking, AI-generated schedules, voice trees, and full multi-provider bidirectional synchronization SHALL remain deferred.",See SOURCE_REGISTER.csv and Section 40 family mapping,TCSN-FD-001 through TCSN-FD-020 as applicable,See REVISED_TRACEABILITY_MATRIX.csv,See REVISED_TRACEABILITY_MATRIX.csv,See EVIDENCE_MANIFEST.json,DOCUMENTARY_DESIGN_ONLY_IMPLEMENTATION_UNAUTHORIZED
TCSN-REQ-079,"All material actions SHALL produce auditable events and evidence sufficient for support, correction, dispute, and release review.",See SOURCE_REGISTER.csv and Section 40 family mapping,TCSN-FD-001 through TCSN-FD-020 as applicable,See REVISED_TRACEABILITY_MATRIX.csv,See REVISED_TRACEABILITY_MATRIX.csv,See EVIDENCE_MANIFEST.json,DOCUMENTARY_DESIGN_ONLY_IMPLEMENTATION_UNAUTHORIZED
TCSN-REQ-080,"No implementation, deployment, production use, or enrollment SHALL be authorized solely by completion of this documentary draft.",See SOURCE_REGISTER.csv and Section 40 family mapping,TCSN-FD-001 through TCSN-FD-020 as applicable,See REVISED_TRACEABILITY_MATRIX.csv,See REVISED_TRACEABILITY_MATRIX.csv,See EVIDENCE_MANIFEST.json,DOCUMENTARY_DESIGN_ONLY_IMPLEMENTATION_UNAUTHORIZED
TCSN-REQ-081,Task dependencies SHALL form a directed acyclic graph; cycle creation SHALL be rejected with an explainable result.,See SOURCE_REGISTER.csv and Section 40 family mapping,TCSN-FD-001 through TCSN-FD-020 as applicable,See REVISED_TRACEABILITY_MATRIX.csv,See REVISED_TRACEABILITY_MATRIX.csv,See EVIDENCE_MANIFEST.json,DOCUMENTARY_DESIGN_ONLY_IMPLEMENTATION_UNAUTHORIZED
TCSN-REQ-082,"Tasks SHALL support parent, child, checklist, blocking, blocked-by, and informational linkage without collapsing independent completion evidence.",See SOURCE_REGISTER.csv and Section 40 family mapping,TCSN-FD-001 through TCSN-FD-020 as applicable,See REVISED_TRACEABILITY_MATRIX.csv,See REVISED_TRACEABILITY_MATRIX.csv,See EVIDENCE_MANIFEST.json,DOCUMENTARY_DESIGN_ONLY_IMPLEMENTATION_UNAUTHORIZED
TCSN-REQ-083,"Bulk assignment, rescheduling, completion, cancellation, and notification actions SHALL re-evaluate authorization and validation for each affected record.",See SOURCE_REGISTER.csv and Section 40 family mapping,TCSN-FD-001 through TCSN-FD-020 as applicable,See REVISED_TRACEABILITY_MATRIX.csv,See REVISED_TRACEABILITY_MATRIX.csv,See EVIDENCE_MANIFEST.json,DOCUMENTARY_DESIGN_ONLY_IMPLEMENTATION_UNAUTHORIZED
TCSN-REQ-084,"Task, schedule, notification, and escalation templates SHALL be versioned; issued records SHALL preserve the exact version used.",See SOURCE_REGISTER.csv and Section 40 family mapping,TCSN-FD-001 through TCSN-FD-020 as applicable,See REVISED_TRACEABILITY_MATRIX.csv,See REVISED_TRACEABILITY_MATRIX.csv,See EVIDENCE_MANIFEST.json,DOCUMENTARY_DESIGN_ONLY_IMPLEMENTATION_UNAUTHORIZED
TCSN-REQ-085,"Cancellation SHALL require scope, authority, reason, effective time, affected future occurrences, and notification treatment.",See SOURCE_REGISTER.csv and Section 40 family mapping,TCSN-FD-001 through TCSN-FD-020 as applicable,See REVISED_TRACEABILITY_MATRIX.csv,See REVISED_TRACEABILITY_MATRIX.csv,See EVIDENCE_MANIFEST.json,DOCUMENTARY_DESIGN_ONLY_IMPLEMENTATION_UNAUTHORIZED
TCSN-REQ-086,"Calendar invitations SHALL support invited, tentative, accepted, declined, waitlisted, canceled, and no-response states.",See SOURCE_REGISTER.csv and Section 40 family mapping,TCSN-FD-001 through TCSN-FD-020 as applicable,See REVISED_TRACEABILITY_MATRIX.csv,See REVISED_TRACEABILITY_MATRIX.csv,See EVIDENCE_MANIFEST.json,DOCUMENTARY_DESIGN_ONLY_IMPLEMENTATION_UNAUTHORIZED
TCSN-REQ-087,"RSVP, attendance, acceptance, assignment, payment, consent, and professional approval SHALL remain distinct.",See SOURCE_REGISTER.csv and Section 40 family mapping,TCSN-FD-001 through TCSN-FD-020 as applicable,See REVISED_TRACEABILITY_MATRIX.csv,See REVISED_TRACEABILITY_MATRIX.csv,See EVIDENCE_MANIFEST.json,DOCUMENTARY_DESIGN_ONLY_IMPLEMENTATION_UNAUTHORIZED
TCSN-REQ-088,"Capacity and waitlist behavior SHALL be deterministic, permission-aware, auditable, and separate from payment or eligibility truth.",See SOURCE_REGISTER.csv and Section 40 family mapping,TCSN-FD-001 through TCSN-FD-020 as applicable,See REVISED_TRACEABILITY_MATRIX.csv,See REVISED_TRACEABILITY_MATRIX.csv,See EVIDENCE_MANIFEST.json,DOCUMENTARY_DESIGN_ONLY_IMPLEMENTATION_UNAUTHORIZED
TCSN-REQ-089,Availability queries SHALL return the minimum necessary result and MAY show busy or unavailable without revealing restricted event details.,See SOURCE_REGISTER.csv and Section 40 family mapping,TCSN-FD-001 through TCSN-FD-020 as applicable,See REVISED_TRACEABILITY_MATRIX.csv,See REVISED_TRACEABILITY_MATRIX.csv,See EVIDENCE_MANIFEST.json,DOCUMENTARY_DESIGN_ONLY_IMPLEMENTATION_UNAUTHORIZED
TCSN-REQ-090,Material schedule changes SHALL identify affected participants and resources and SHALL trigger policy-based update or cancellation notices.,See SOURCE_REGISTER.csv and Section 40 family mapping,TCSN-FD-001 through TCSN-FD-020 as applicable,See REVISED_TRACEABILITY_MATRIX.csv,See REVISED_TRACEABILITY_MATRIX.csv,See EVIDENCE_MANIFEST.json,DOCUMENTARY_DESIGN_ONLY_IMPLEMENTATION_UNAUTHORIZED
TCSN-REQ-091,"Notification templates SHALL be versioned by communication class, channel, locale, tenant configuration, and effective period.",See SOURCE_REGISTER.csv and Section 40 family mapping,TCSN-FD-001 through TCSN-FD-020 as applicable,See REVISED_TRACEABILITY_MATRIX.csv,See REVISED_TRACEABILITY_MATRIX.csv,See EVIDENCE_MANIFEST.json,DOCUMENTARY_DESIGN_ONLY_IMPLEMENTATION_UNAUTHORIZED
TCSN-REQ-092,"Channel rendering SHALL redact or transform content according to destination sensitivity, preview risk, recipient authority, and device context.",See SOURCE_REGISTER.csv and Section 40 family mapping,TCSN-FD-001 through TCSN-FD-020 as applicable,See REVISED_TRACEABILITY_MATRIX.csv,See REVISED_TRACEABILITY_MATRIX.csv,See EVIDENCE_MANIFEST.json,DOCUMENTARY_DESIGN_ONLY_IMPLEMENTATION_UNAUTHORIZED
TCSN-REQ-093,Every mandatory communication SHALL have an accessible supported fallback when the primary presentation is unusable.,See SOURCE_REGISTER.csv and Section 40 family mapping,TCSN-FD-001 through TCSN-FD-020 as applicable,See REVISED_TRACEABILITY_MATRIX.csv,See REVISED_TRACEABILITY_MATRIX.csv,See EVIDENCE_MANIFEST.json,DOCUMENTARY_DESIGN_ONLY_IMPLEMENTATION_UNAUTHORIZED
TCSN-REQ-094,Notification deduplication SHALL use a stable correlation key and SHALL preserve evidence of suppression or coalescing.,See SOURCE_REGISTER.csv and Section 40 family mapping,TCSN-FD-001 through TCSN-FD-020 as applicable,See REVISED_TRACEABILITY_MATRIX.csv,See REVISED_TRACEABILITY_MATRIX.csv,See EVIDENCE_MANIFEST.json,DOCUMENTARY_DESIGN_ONLY_IMPLEMENTATION_UNAUTHORIZED
TCSN-REQ-095,"Rate limits, escalation ceilings, per-recipient caps, and circuit breakers SHALL prevent notification or retry storms.",See SOURCE_REGISTER.csv and Section 40 family mapping,TCSN-FD-001 through TCSN-FD-020 as applicable,See REVISED_TRACEABILITY_MATRIX.csv,See REVISED_TRACEABILITY_MATRIX.csv,See EVIDENCE_MANIFEST.json,DOCUMENTARY_DESIGN_ONLY_IMPLEMENTATION_UNAUTHORIZED
TCSN-REQ-096,SMS SHALL be sent only to a verified telephone destination with a recorded permitted-purpose and preference state.,See SOURCE_REGISTER.csv and Section 40 family mapping,TCSN-FD-001 through TCSN-FD-020 as applicable,See REVISED_TRACEABILITY_MATRIX.csv,See REVISED_TRACEABILITY_MATRIX.csv,See EVIDENCE_MANIFEST.json,DOCUMENTARY_DESIGN_ONLY_IMPLEMENTATION_UNAUTHORIZED
TCSN-REQ-097,"Optional SMS SHALL support opt-out, preference change, destination correction, and re-verification without suppressing other required channels.",See SOURCE_REGISTER.csv and Section 40 family mapping,TCSN-FD-001 through TCSN-FD-020 as applicable,See REVISED_TRACEABILITY_MATRIX.csv,See REVISED_TRACEABILITY_MATRIX.csv,See EVIDENCE_MANIFEST.json,DOCUMENTARY_DESIGN_ONLY_IMPLEMENTATION_UNAUTHORIZED
TCSN-REQ-098,SMS SHALL NOT be the sole channel for a mandatory operational record when delivery evidence or user access requires another authoritative surface.,See SOURCE_REGISTER.csv and Section 40 family mapping,TCSN-FD-001 through TCSN-FD-020 as applicable,See REVISED_TRACEABILITY_MATRIX.csv,See REVISED_TRACEABILITY_MATRIX.csv,See EVIDENCE_MANIFEST.json,DOCUMENTARY_DESIGN_ONLY_IMPLEMENTATION_UNAUTHORIZED
TCSN-REQ-099,"SMS content SHALL use minimum necessary information, avoid sensitive previews where feasible, and use secure authenticated links for detail.",See SOURCE_REGISTER.csv and Section 40 family mapping,TCSN-FD-001 through TCSN-FD-020 as applicable,See REVISED_TRACEABILITY_MATRIX.csv,See REVISED_TRACEABILITY_MATRIX.csv,See EVIDENCE_MANIFEST.json,DOCUMENTARY_DESIGN_ONLY_IMPLEMENTATION_UNAUTHORIZED
TCSN-REQ-100,"SMS activation SHALL support tenant and platform spend caps, volume alerts, abuse controls, and immediate provider or feature disablement.",See SOURCE_REGISTER.csv and Section 40 family mapping,TCSN-FD-001 through TCSN-FD-020 as applicable,See REVISED_TRACEABILITY_MATRIX.csv,See REVISED_TRACEABILITY_MATRIX.csv,See EVIDENCE_MANIFEST.json,DOCUMENTARY_DESIGN_ONLY_IMPLEMENTATION_UNAUTHORIZED
TCSN-REQ-101,"The capability SHALL emit service, queue, delivery, sync, offline, conflict, escalation, and permission telemetry with tenant-safe dimensions.",See SOURCE_REGISTER.csv and Section 40 family mapping,TCSN-FD-001 through TCSN-FD-020 as applicable,See REVISED_TRACEABILITY_MATRIX.csv,See REVISED_TRACEABILITY_MATRIX.csv,See EVIDENCE_MANIFEST.json,DOCUMENTARY_DESIGN_ONLY_IMPLEMENTATION_UNAUTHORIZED
TCSN-REQ-102,"Service-level objectives and error budgets SHALL be versioned and linked to release scope, alerting, and stop conditions.",See SOURCE_REGISTER.csv and Section 40 family mapping,TCSN-FD-001 through TCSN-FD-020 as applicable,See REVISED_TRACEABILITY_MATRIX.csv,See REVISED_TRACEABILITY_MATRIX.csv,See EVIDENCE_MANIFEST.json,DOCUMENTARY_DESIGN_ONLY_IMPLEMENTATION_UNAUTHORIZED
TCSN-REQ-103,"Alerts SHALL distinguish user-impacting failure, provider failure, backlog, data-integrity risk, security risk, and expected degraded mode.",See SOURCE_REGISTER.csv and Section 40 family mapping,TCSN-FD-001 through TCSN-FD-020 as applicable,See REVISED_TRACEABILITY_MATRIX.csv,See REVISED_TRACEABILITY_MATRIX.csv,See EVIDENCE_MANIFEST.json,DOCUMENTARY_DESIGN_ONLY_IMPLEMENTATION_UNAUTHORIZED
TCSN-REQ-104,Provider health SHALL be evaluated separately from EquineSync health and SHALL never be represented as native-system success.,See SOURCE_REGISTER.csv and Section 40 family mapping,TCSN-FD-001 through TCSN-FD-020 as applicable,See REVISED_TRACEABILITY_MATRIX.csv,See REVISED_TRACEABILITY_MATRIX.csv,See EVIDENCE_MANIFEST.json,DOCUMENTARY_DESIGN_ONLY_IMPLEMENTATION_UNAUTHORIZED
TCSN-REQ-105,"Synthetic checks SHALL continuously exercise native task, notification, adapter, and recovery paths without using real user secrets or sensitive data.",See SOURCE_REGISTER.csv and Section 40 family mapping,TCSN-FD-001 through TCSN-FD-020 as applicable,See REVISED_TRACEABILITY_MATRIX.csv,See REVISED_TRACEABILITY_MATRIX.csv,See EVIDENCE_MANIFEST.json,DOCUMENTARY_DESIGN_ONLY_IMPLEMENTATION_UNAUTHORIZED
TCSN-REQ-106,"Authorized administrative tools SHALL support inspect, replay, suppress, correct, reassign, reconcile, revoke, and export-evidence actions with least privilege.",See SOURCE_REGISTER.csv and Section 40 family mapping,TCSN-FD-001 through TCSN-FD-020 as applicable,See REVISED_TRACEABILITY_MATRIX.csv,See REVISED_TRACEABILITY_MATRIX.csv,See EVIDENCE_MANIFEST.json,DOCUMENTARY_DESIGN_ONLY_IMPLEMENTATION_UNAUTHORIZED
TCSN-REQ-107,"Support correction SHALL preserve the original record, correction reason, support actor, approval where required, and affected downstream state.",See SOURCE_REGISTER.csv and Section 40 family mapping,TCSN-FD-001 through TCSN-FD-020 as applicable,See REVISED_TRACEABILITY_MATRIX.csv,See REVISED_TRACEABILITY_MATRIX.csv,See EVIDENCE_MANIFEST.json,DOCUMENTARY_DESIGN_ONLY_IMPLEMENTATION_UNAUTHORIZED
TCSN-REQ-108,"Incident handling SHALL define severity, owner, acknowledgment target, containment, communication, recovery, evidence, and post-incident review.",See SOURCE_REGISTER.csv and Section 40 family mapping,TCSN-FD-001 through TCSN-FD-020 as applicable,See REVISED_TRACEABILITY_MATRIX.csv,See REVISED_TRACEABILITY_MATRIX.csv,See EVIDENCE_MANIFEST.json,DOCUMENTARY_DESIGN_ONLY_IMPLEMENTATION_UNAUTHORIZED
TCSN-REQ-109,"Backup and restore SHALL preserve task, event, recurrence, completion, notification, escalation, adapter, audit, and configuration consistency.",See SOURCE_REGISTER.csv and Section 40 family mapping,TCSN-FD-001 through TCSN-FD-020 as applicable,See REVISED_TRACEABILITY_MATRIX.csv,See REVISED_TRACEABILITY_MATRIX.csv,See EVIDENCE_MANIFEST.json,DOCUMENTARY_DESIGN_ONLY_IMPLEMENTATION_UNAUTHORIZED
TCSN-REQ-110,"Provider exit SHALL support credential revocation, data export where applicable, queue drainage, adapter disablement, replacement, and evidence preservation.",See SOURCE_REGISTER.csv and Section 40 family mapping,TCSN-FD-001 through TCSN-FD-020 as applicable,See REVISED_TRACEABILITY_MATRIX.csv,See REVISED_TRACEABILITY_MATRIX.csv,See EVIDENCE_MANIFEST.json,DOCUMENTARY_DESIGN_ONLY_IMPLEMENTATION_UNAUTHORIZED
TCSN-REQ-111,"Every evidence item SHALL identify producer, date, environment, code version, PIA version, requirements, tests, result, limitations, checksum, custodian, and retention location.",See SOURCE_REGISTER.csv and Section 40 family mapping,TCSN-FD-001 through TCSN-FD-020 as applicable,See REVISED_TRACEABILITY_MATRIX.csv,See REVISED_TRACEABILITY_MATRIX.csv,See EVIDENCE_MANIFEST.json,DOCUMENTARY_DESIGN_ONLY_IMPLEMENTATION_UNAUTHORIZED
TCSN-REQ-112,Evidence indexes and manifests SHALL be machine-validatable and SHALL exclude unredacted secrets and unnecessary sensitive data.,See SOURCE_REGISTER.csv and Section 40 family mapping,TCSN-FD-001 through TCSN-FD-020 as applicable,See REVISED_TRACEABILITY_MATRIX.csv,See REVISED_TRACEABILITY_MATRIX.csv,See EVIDENCE_MANIFEST.json,DOCUMENTARY_DESIGN_ONLY_IMPLEMENTATION_UNAUTHORIZED
TCSN-REQ-113,Every requirement SHALL have a release classification and SHALL identify the gate at which it becomes mandatory.,See SOURCE_REGISTER.csv and Section 40 family mapping,TCSN-FD-001 through TCSN-FD-020 as applicable,See REVISED_TRACEABILITY_MATRIX.csv,See REVISED_TRACEABILITY_MATRIX.csv,See EVIDENCE_MANIFEST.json,DOCUMENTARY_DESIGN_ONLY_IMPLEMENTATION_UNAUTHORIZED
TCSN-REQ-114,External calendar sync and optional SMS SHALL default off in production until their separate activation evidence and Founder-authorized release scope exist.,See SOURCE_REGISTER.csv and Section 40 family mapping,TCSN-FD-001 through TCSN-FD-020 as applicable,See REVISED_TRACEABILITY_MATRIX.csv,See REVISED_TRACEABILITY_MATRIX.csv,See EVIDENCE_MANIFEST.json,DOCUMENTARY_DESIGN_ONLY_IMPLEMENTATION_UNAUTHORIZED
TCSN-REQ-115,Rollback SHALL preserve accepted user actions and evidence or explicitly identify any non-reversible data limitation before rollout.,See SOURCE_REGISTER.csv and Section 40 family mapping,TCSN-FD-001 through TCSN-FD-020 as applicable,See REVISED_TRACEABILITY_MATRIX.csv,See REVISED_TRACEABILITY_MATRIX.csv,See EVIDENCE_MANIFEST.json,DOCUMENTARY_DESIGN_ONLY_IMPLEMENTATION_UNAUTHORIZED
TCSN-REQ-116,"Migration SHALL support inventory, dry run, deterministic mapping, exception quarantine, repeatability, rollback, and reconciliation evidence.",See SOURCE_REGISTER.csv and Section 40 family mapping,TCSN-FD-001 through TCSN-FD-020 as applicable,See REVISED_TRACEABILITY_MATRIX.csv,See REVISED_TRACEABILITY_MATRIX.csv,See EVIDENCE_MANIFEST.json,DOCUMENTARY_DESIGN_ONLY_IMPLEMENTATION_UNAUTHORIZED
TCSN-REQ-117,"Seed and test data SHALL be synthetic or explicitly approved, visibly labeled, isolated by environment, and removable without affecting authoritative records.",See SOURCE_REGISTER.csv and Section 40 family mapping,TCSN-FD-001 through TCSN-FD-020 as applicable,See REVISED_TRACEABILITY_MATRIX.csv,See REVISED_TRACEABILITY_MATRIX.csv,See EVIDENCE_MANIFEST.json,DOCUMENTARY_DESIGN_ONLY_IMPLEMENTATION_UNAUTHORIZED
TCSN-REQ-118,Legacy recurrence and notification rules SHALL be mapped by explicit versioned transformation and SHALL not silently change authoritative time semantics.,See SOURCE_REGISTER.csv and Section 40 family mapping,TCSN-FD-001 through TCSN-FD-020 as applicable,See REVISED_TRACEABILITY_MATRIX.csv,See REVISED_TRACEABILITY_MATRIX.csv,See EVIDENCE_MANIFEST.json,DOCUMENTARY_DESIGN_ONLY_IMPLEMENTATION_UNAUTHORIZED
TCSN-REQ-119,"Migration and reconciliation SHALL produce affected-record, unresolved-exception, duplicate-candidate, permission, and downstream-reference reports.",See SOURCE_REGISTER.csv and Section 40 family mapping,TCSN-FD-001 through TCSN-FD-020 as applicable,See REVISED_TRACEABILITY_MATRIX.csv,See REVISED_TRACEABILITY_MATRIX.csv,See EVIDENCE_MANIFEST.json,DOCUMENTARY_DESIGN_ONLY_IMPLEMENTATION_UNAUTHORIZED
TCSN-REQ-120,"No migration, seed, provider, feature-flag, or configuration activity SHALL create implementation or production authority absent the applicable gate disposition.",See SOURCE_REGISTER.csv and Section 40 family mapping,TCSN-FD-001 through TCSN-FD-020 as applicable,See REVISED_TRACEABILITY_MATRIX.csv,See REVISED_TRACEABILITY_MATRIX.csv,See EVIDENCE_MANIFEST.json,DOCUMENTARY_DESIGN_ONLY_IMPLEMENTATION_UNAUTHORIZED
