crosswalk_id,guide_id,source_id,source_class,authority_status,inclusion_category,mapping_type,coverage_note,source_freeze_record_id,freeze_manifest_path,readiness_effect
CGP005-XW-00001,ES-CG-00,CGSRC-GOV-0002,ADOPTED_GOVERNANCE,CONTROLLING,CONTROLLING_FROZEN,MANDATORY,charter_authority;program_scope;lifecycle;ownership;non_authorization,CGP005-NF-ES-CG-00-0001,governance/implementation/code-guides/guides/ES-CG-00/source-freeze/ES-CG-00_SOURCE_FREEZE_MANIFEST.json,SUPPORTS_FOUNDER_REVIEW_NOT_CGP006_READY
CGP005-XW-00002,ES-CG-00,CGSRC-GOV-0003,ADOPTED_GOVERNANCE,CONTROLLING,CONTROLLING_FROZEN,MANDATORY,charter_authority;program_scope;lifecycle;ownership;non_authorization,CGP005-NF-ES-CG-00-0002,governance/implementation/code-guides/guides/ES-CG-00/source-freeze/ES-CG-00_SOURCE_FREEZE_MANIFEST.json,SUPPORTS_FOUNDER_REVIEW_NOT_CGP006_READY
CGP005-XW-00003,ES-CG-00,CGSRC-GOV-0005,ADOPTED_GOVERNANCE,CONTROLLING,CONTROLLING_FROZEN,MANDATORY,charter_authority;program_scope;lifecycle;ownership;non_authorization,CGP005-NF-ES-CG-00-0003,governance/implementation/code-guides/guides/ES-CG-00/source-freeze/ES-CG-00_SOURCE_FREEZE_MANIFEST.json,SUPPORTS_FOUNDER_REVIEW_NOT_CGP006_READY
CGP005-XW-00004,ES-CG-00,CGSRC-GOV-0006,ADOPTED_GOVERNANCE,SUPPORTING,SUPPORTING_FROZEN,SUPPORTING,charter_authority;program_scope;lifecycle;ownership;non_authorization,CGP005-NF-ES-CG-00-0004,governance/implementation/code-guides/guides/ES-CG-00/source-freeze/ES-CG-00_SOURCE_FREEZE_MANIFEST.json,SUPPORTS_FOUNDER_REVIEW_NOT_CGP006_READY
CGP005-XW-00005,ES-CG-00,CGSRC-GOV-0008,ADOPTED_GOVERNANCE,CONTROLLING,CONTROLLING_FROZEN,MANDATORY,charter_authority;program_scope;lifecycle;ownership;non_authorization,CGP005-NF-ES-CG-00-0005,governance/implementation/code-guides/guides/ES-CG-00/source-freeze/ES-CG-00_SOURCE_FREEZE_MANIFEST.json,SUPPORTS_FOUNDER_REVIEW_NOT_CGP006_READY
CGP005-XW-00006,ES-CG-00,CGSRC-GOV-0009,ADOPTED_GOVERNANCE,CONTROLLING,CONTROLLING_FROZEN,MANDATORY,charter_authority;program_scope;lifecycle;ownership;non_authorization,CGP005-NF-ES-CG-00-0006,governance/implementation/code-guides/guides/ES-CG-00/source-freeze/ES-CG-00_SOURCE_FREEZE_MANIFEST.json,SUPPORTS_FOUNDER_REVIEW_NOT_CGP006_READY
CGP005-XW-00007,ES-CG-00,CGSRC-GOV-0011,ADOPTED_GOVERNANCE,CONTROLLING,CONTROLLING_FROZEN,MANDATORY,charter_authority;program_scope;lifecycle;ownership;non_authorization,CGP005-NF-ES-CG-00-0007,governance/implementation/code-guides/guides/ES-CG-00/source-freeze/ES-CG-00_SOURCE_FREEZE_MANIFEST.json,SUPPORTS_FOUNDER_REVIEW_NOT_CGP006_READY
CGP005-XW-00008,ES-CG-00,CGSRC-GOV-0012,ADOPTED_GOVERNANCE,CONTROLLING,CONTROLLING_FROZEN,MANDATORY,charter_authority;program_scope;lifecycle;ownership;non_authorization,CGP005-NF-ES-CG-00-0008,governance/implementation/code-guides/guides/ES-CG-00/source-freeze/ES-CG-00_SOURCE_FREEZE_MANIFEST.json,SUPPORTS_FOUNDER_REVIEW_NOT_CGP006_READY
CGP005-XW-00009,ES-CG-00,CGSRC-GOV-0014,ADOPTED_GOVERNANCE,CONTROLLING,CONTROLLING_FROZEN,MANDATORY,charter_authority;program_scope;lifecycle;ownership;non_authorization,CGP005-NF-ES-CG-00-0009,governance/implementation/code-guides/guides/ES-CG-00/source-freeze/ES-CG-00_SOURCE_FREEZE_MANIFEST.json,SUPPORTS_FOUNDER_REVIEW_NOT_CGP006_READY
CGP005-XW-00010,ES-CG-00,CGSRC-GOV-0084,ADOPTED_GOVERNANCE,CONTROLLING,CONTROLLING_FROZEN,MANDATORY,charter_authority;program_scope;lifecycle;ownership;non_authorization,CGP005-NF-ES-CG-00-0010,governance/implementation/code-guides/guides/ES-CG-00/source-freeze/ES-CG-00_SOURCE_FREEZE_MANIFEST.json,SUPPORTS_FOUNDER_REVIEW_NOT_CGP006_READY
CGP005-XW-00011,ES-CG-00,CGSRC-GOV-0138,ADOPTED_GOVERNANCE,CONTROLLING,CONTROLLING_FROZEN,MANDATORY,charter_authority;program_scope;lifecycle;ownership;non_authorization,CGP005-NF-ES-CG-00-0011,governance/implementation/code-guides/guides/ES-CG-00/source-freeze/ES-CG-00_SOURCE_FREEZE_MANIFEST.json,SUPPORTS_FOUNDER_REVIEW_NOT_CGP006_READY
CGP005-XW-00012,ES-CG-00,CGSRC-GOV-0139,ADOPTED_GOVERNANCE,CONTROLLING,CONTROLLING_FROZEN,MANDATORY,charter_authority;program_scope;lifecycle;ownership;non_authorization,CGP005-NF-ES-CG-00-0012,governance/implementation/code-guides/guides/ES-CG-00/source-freeze/ES-CG-00_SOURCE_FREEZE_MANIFEST.json,SUPPORTS_FOUNDER_REVIEW_NOT_CGP006_READY
CGP005-XW-00013,ES-CG-00,CGSRC-GOV-0152,ADOPTED_GOVERNANCE,CONTROLLING,CONTROLLING_FROZEN,MANDATORY,charter_authority;program_scope;lifecycle;ownership;non_authorization,CGP005-NF-ES-CG-00-0013,governance/implementation/code-guides/guides/ES-CG-00/source-freeze/ES-CG-00_SOURCE_FREEZE_MANIFEST.json,SUPPORTS_FOUNDER_REVIEW_NOT_CGP006_READY
CGP005-XW-00014,ES-CG-00,CGSRC-GOV-0153,ADOPTED_GOVERNANCE,CONTROLLING,CONTROLLING_FROZEN,MANDATORY,charter_authority;program_scope;lifecycle;ownership;non_authorization,CGP005-NF-ES-CG-00-0014,governance/implementation/code-guides/guides/ES-CG-00/source-freeze/ES-CG-00_SOURCE_FREEZE_MANIFEST.json,SUPPORTS_FOUNDER_REVIEW_NOT_CGP006_READY
CGP005-XW-00015,ES-CG-00,CGSRC-ATLAS-0006,IMPLEMENTATION_ATLAS,CONTROLLING,CONTROLLING_FROZEN,MANDATORY,charter_authority;program_scope;lifecycle;ownership;non_authorization,CGP005-NF-ES-CG-00-0015,governance/implementation/code-guides/guides/ES-CG-00/source-freeze/ES-CG-00_SOURCE_FREEZE_MANIFEST.json,SUPPORTS_FOUNDER_REVIEW_NOT_CGP006_READY
CGP005-XW-00016,ES-CG-00,CGSRC-ATLAS-0017,IMPLEMENTATION_ATLAS,CONTROLLING,CONTROLLING_FROZEN,MANDATORY,charter_authority;program_scope;lifecycle;ownership;non_authorization,CGP005-NF-ES-CG-00-0016,governance/implementation/code-guides/guides/ES-CG-00/source-freeze/ES-CG-00_SOURCE_FREEZE_MANIFEST.json,SUPPORTS_FOUNDER_REVIEW_NOT_CGP006_READY
CGP005-XW-00017,ES-CG-00,CGSRC-ATLAS-0018,IMPLEMENTATION_ATLAS,CONTROLLING,CONTROLLING_FROZEN,MANDATORY,charter_authority;program_scope;lifecycle;ownership;non_authorization,CGP005-NF-ES-CG-00-0017,governance/implementation/code-guides/guides/ES-CG-00/source-freeze/ES-CG-00_SOURCE_FREEZE_MANIFEST.json,SUPPORTS_FOUNDER_REVIEW_NOT_CGP006_READY
CGP005-XW-00018,ES-CG-00,CGSRC-ATLAS-0019,IMPLEMENTATION_ATLAS,CONTROLLING,CONTROLLING_FROZEN,MANDATORY,charter_authority;program_scope;lifecycle;ownership;non_authorization,CGP005-NF-ES-CG-00-0018,governance/implementation/code-guides/guides/ES-CG-00/source-freeze/ES-CG-00_SOURCE_FREEZE_MANIFEST.json,SUPPORTS_FOUNDER_REVIEW_NOT_CGP006_READY
CGP005-XW-00019,ES-CG-00,CGSRC-ATLAS-0020,IMPLEMENTATION_ATLAS,CONTROLLING,CONTROLLING_FROZEN,MANDATORY,charter_authority;program_scope;lifecycle;ownership;non_authorization,CGP005-NF-ES-CG-00-0019,governance/implementation/code-guides/guides/ES-CG-00/source-freeze/ES-CG-00_SOURCE_FREEZE_MANIFEST.json,SUPPORTS_FOUNDER_REVIEW_NOT_CGP006_READY
CGP005-XW-00020,ES-CG-00,CGSRC-ATLAS-0021,IMPLEMENTATION_ATLAS,CONTROLLING,CONTROLLING_FROZEN,MANDATORY,charter_authority;program_scope;lifecycle;ownership;non_authorization,CGP005-NF-ES-CG-00-0020,governance/implementation/code-guides/guides/ES-CG-00/source-freeze/ES-CG-00_SOURCE_FREEZE_MANIFEST.json,SUPPORTS_FOUNDER_REVIEW_NOT_CGP006_READY
CGP005-XW-00021,ES-CG-00,CGSRC-REPO-0001,REPOSITORY_EVIDENCE,SUPPORTING,IMPLEMENTATION_EVIDENCE_FROZEN,SUPPORTING,charter_authority;program_scope;lifecycle;ownership;non_authorization,CGP005-NF-ES-CG-00-0021,governance/implementation/code-guides/guides/ES-CG-00/source-freeze/ES-CG-00_SOURCE_FREEZE_MANIFEST.json,SUPPORTS_FOUNDER_REVIEW_NOT_CGP006_READY
CGP005-XW-00022,ES-CG-00,CGSRC-REPO-0002,REPOSITORY_EVIDENCE,SUPPORTING,IMPLEMENTATION_EVIDENCE_FROZEN,SUPPORTING,charter_authority;program_scope;lifecycle;ownership;non_authorization,CGP005-NF-ES-CG-00-0022,governance/implementation/code-guides/guides/ES-CG-00/source-freeze/ES-CG-00_SOURCE_FREEZE_MANIFEST.json,SUPPORTS_FOUNDER_REVIEW_NOT_CGP006_READY
CGP005-XW-00023,ES-CG-00,CGSRC-REPO-0008,REPOSITORY_EVIDENCE,SUPPORTING,IMPLEMENTATION_EVIDENCE_FROZEN,SUPPORTING,charter_authority;program_scope;lifecycle;ownership;non_authorization,CGP005-NF-ES-CG-00-0023,governance/implementation/code-guides/guides/ES-CG-00/source-freeze/ES-CG-00_SOURCE_FREEZE_MANIFEST.json,SUPPORTS_FOUNDER_REVIEW_NOT_CGP006_READY
CGP005-XW-00024,ES-CG-00,CGSRC-REPO-0009,REPOSITORY_EVIDENCE,SUPPORTING,IMPLEMENTATION_EVIDENCE_FROZEN,SUPPORTING,charter_authority;program_scope;lifecycle;ownership;non_authorization,CGP005-NF-ES-CG-00-0024,governance/implementation/code-guides/guides/ES-CG-00/source-freeze/ES-CG-00_SOURCE_FREEZE_MANIFEST.json,SUPPORTS_FOUNDER_REVIEW_NOT_CGP006_READY
CGP005-XW-00025,ES-CG-00,CGSRC-CGP005-0001,REPOSITORY_EVIDENCE,SUPPORTING,IMPLEMENTATION_EVIDENCE_FROZEN,SUPPORTING,charter_authority;program_scope;lifecycle;ownership;non_authorization,CGP005-NF-ES-CG-00-0025,governance/implementation/code-guides/guides/ES-CG-00/source-freeze/ES-CG-00_SOURCE_FREEZE_MANIFEST.json,SUPPORTS_FOUNDER_REVIEW_NOT_CGP006_READY
CGP005-XW-00026,ES-CG-00,CGSRC-CGP005-0002,REPOSITORY_EVIDENCE,SUPPORTING,IMPLEMENTATION_EVIDENCE_FROZEN,SUPPORTING,charter_authority;program_scope;lifecycle;ownership;non_authorization,CGP005-NF-ES-CG-00-0026,governance/implementation/code-guides/guides/ES-CG-00/source-freeze/ES-CG-00_SOURCE_FREEZE_MANIFEST.json,SUPPORTS_FOUNDER_REVIEW_NOT_CGP006_READY
CGP005-XW-00027,ES-CG-00,CGSRC-CGP005-0003,REPOSITORY_EVIDENCE,SUPPORTING,IMPLEMENTATION_EVIDENCE_FROZEN,SUPPORTING,charter_authority;program_scope;lifecycle;ownership;non_authorization,CGP005-NF-ES-CG-00-0027,governance/implementation/code-guides/guides/ES-CG-00/source-freeze/ES-CG-00_SOURCE_FREEZE_MANIFEST.json,SUPPORTS_FOUNDER_REVIEW_NOT_CGP006_READY
CGP005-XW-00028,ES-CG-00,CGSRC-CGP005-0004,REPOSITORY_EVIDENCE,SUPPORTING,IMPLEMENTATION_EVIDENCE_FROZEN,SUPPORTING,charter_authority;program_scope;lifecycle;ownership;non_authorization,CGP005-NF-ES-CG-00-0028,governance/implementation/code-guides/guides/ES-CG-00/source-freeze/ES-CG-00_SOURCE_FREEZE_MANIFEST.json,SUPPORTS_FOUNDER_REVIEW_NOT_CGP006_READY
CGP005-XW-00029,ES-CG-00,CGSRC-CGP005-0201,REPOSITORY_EVIDENCE,SUPPORTING,IMPLEMENTATION_EVIDENCE_FROZEN,SUPPORTING,charter_authority;program_scope;lifecycle;ownership;non_authorization,CGP005-NF-ES-CG-00-0029,governance/implementation/code-guides/guides/ES-CG-00/source-freeze/ES-CG-00_SOURCE_FREEZE_MANIFEST.json,SUPPORTS_FOUNDER_REVIEW_NOT_CGP006_READY
CGP005-XW-00030,ES-CG-01,CGSRC-GOV-0002,ADOPTED_GOVERNANCE,CONTROLLING,CONTROLLING_FROZEN,MANDATORY,authority_precedence;founder_disposition;conflict;supersession;exceptions,CGP005-NF-ES-CG-01-0001,governance/implementation/code-guides/guides/ES-CG-01/source-freeze/ES-CG-01_SOURCE_FREEZE_MANIFEST.json,SUPPORTS_FOUNDER_REVIEW_NOT_CGP006_READY
CGP005-XW-00031,ES-CG-01,CGSRC-GOV-0003,ADOPTED_GOVERNANCE,CONTROLLING,CONTROLLING_FROZEN,MANDATORY,authority_precedence;founder_disposition;conflict;supersession;exceptions,CGP005-NF-ES-CG-01-0002,governance/implementation/code-guides/guides/ES-CG-01/source-freeze/ES-CG-01_SOURCE_FREEZE_MANIFEST.json,SUPPORTS_FOUNDER_REVIEW_NOT_CGP006_READY
CGP005-XW-00032,ES-CG-01,CGSRC-GOV-0004,ADOPTED_GOVERNANCE,CONTROLLING,CONTROLLING_FROZEN,MANDATORY,authority_precedence;founder_disposition;conflict;supersession;exceptions,CGP005-NF-ES-CG-01-0003,governance/implementation/code-guides/guides/ES-CG-01/source-freeze/ES-CG-01_SOURCE_FREEZE_MANIFEST.json,SUPPORTS_FOUNDER_REVIEW_NOT_CGP006_READY
CGP005-XW-00033,ES-CG-01,CGSRC-GOV-0005,ADOPTED_GOVERNANCE,CONTROLLING,CONTROLLING_FROZEN,MANDATORY,authority_precedence;founder_disposition;conflict;supersession;exceptions,CGP005-NF-ES-CG-01-0004,governance/implementation/code-guides/guides/ES-CG-01/source-freeze/ES-CG-01_SOURCE_FREEZE_MANIFEST.json,SUPPORTS_FOUNDER_REVIEW_NOT_CGP006_READY
CGP005-XW-00034,ES-CG-01,CGSRC-GOV-0006,ADOPTED_GOVERNANCE,SUPPORTING,SUPPORTING_FROZEN,SUPPORTING,authority_precedence;founder_disposition;conflict;supersession;exceptions,CGP005-NF-ES-CG-01-0005,governance/implementation/code-guides/guides/ES-CG-01/source-freeze/ES-CG-01_SOURCE_FREEZE_MANIFEST.json,SUPPORTS_FOUNDER_REVIEW_NOT_CGP006_READY
CGP005-XW-00035,ES-CG-01,CGSRC-GOV-0007,ADOPTED_GOVERNANCE,SUPPORTING,SUPPORTING_FROZEN,SUPPORTING,authority_precedence;founder_disposition;conflict;supersession;exceptions,CGP005-NF-ES-CG-01-0006,governance/implementation/code-guides/guides/ES-CG-01/source-freeze/ES-CG-01_SOURCE_FREEZE_MANIFEST.json,SUPPORTS_FOUNDER_REVIEW_NOT_CGP006_READY
CGP005-XW-00036,ES-CG-01,CGSRC-GOV-0008,ADOPTED_GOVERNANCE,CONTROLLING,CONTROLLING_FROZEN,MANDATORY,authority_precedence;founder_disposition;conflict;supersession;exceptions,CGP005-NF-ES-CG-01-0007,governance/implementation/code-guides/guides/ES-CG-01/source-freeze/ES-CG-01_SOURCE_FREEZE_MANIFEST.json,SUPPORTS_FOUNDER_REVIEW_NOT_CGP006_READY
CGP005-XW-00037,ES-CG-01,CGSRC-GOV-0009,ADOPTED_GOVERNANCE,CONTROLLING,CONTROLLING_FROZEN,MANDATORY,authority_precedence;founder_disposition;conflict;supersession;exceptions,CGP005-NF-ES-CG-01-0008,governance/implementation/code-guides/guides/ES-CG-01/source-freeze/ES-CG-01_SOURCE_FREEZE_MANIFEST.json,SUPPORTS_FOUNDER_REVIEW_NOT_CGP006_READY
CGP005-XW-00038,ES-CG-01,CGSRC-GOV-0010,ADOPTED_GOVERNANCE,SUPPORTING,SUPPORTING_FROZEN,SUPPORTING,authority_precedence;founder_disposition;conflict;supersession;exceptions,CGP005-NF-ES-CG-01-0009,governance/implementation/code-guides/guides/ES-CG-01/source-freeze/ES-CG-01_SOURCE_FREEZE_MANIFEST.json,SUPPORTS_FOUNDER_REVIEW_NOT_CGP006_READY
CGP005-XW-00039,ES-CG-01,CGSRC-GOV-0011,ADOPTED_GOVERNANCE,CONTROLLING,CONTROLLING_FROZEN,MANDATORY,authority_precedence;founder_disposition;conflict;supersession;exceptions,CGP005-NF-ES-CG-01-0010,governance/implementation/code-guides/guides/ES-CG-01/source-freeze/ES-CG-01_SOURCE_FREEZE_MANIFEST.json,SUPPORTS_FOUNDER_REVIEW_NOT_CGP006_READY
CGP005-XW-00040,ES-CG-01,CGSRC-GOV-0012,ADOPTED_GOVERNANCE,CONTROLLING,CONTROLLING_FROZEN,MANDATORY,authority_precedence;founder_disposition;conflict;supersession;exceptions,CGP005-NF-ES-CG-01-0011,governance/implementation/code-guides/guides/ES-CG-01/source-freeze/ES-CG-01_SOURCE_FREEZE_MANIFEST.json,SUPPORTS_FOUNDER_REVIEW_NOT_CGP006_READY
CGP005-XW-00041,ES-CG-01,CGSRC-GOV-0013,ADOPTED_GOVERNANCE,SUPPORTING,SUPPORTING_FROZEN,SUPPORTING,authority_precedence;founder_disposition;conflict;supersession;exceptions,CGP005-NF-ES-CG-01-0012,governance/implementation/code-guides/guides/ES-CG-01/source-freeze/ES-CG-01_SOURCE_FREEZE_MANIFEST.json,SUPPORTS_FOUNDER_REVIEW_NOT_CGP006_READY
CGP005-XW-00042,ES-CG-01,CGSRC-GOV-0014,ADOPTED_GOVERNANCE,CONTROLLING,CONTROLLING_FROZEN,MANDATORY,authority_precedence;founder_disposition;conflict;supersession;exceptions,CGP005-NF-ES-CG-01-0013,governance/implementation/code-guides/guides/ES-CG-01/source-freeze/ES-CG-01_SOURCE_FREEZE_MANIFEST.json,SUPPORTS_FOUNDER_REVIEW_NOT_CGP006_READY
CGP005-XW-00043,ES-CG-01,CGSRC-GOV-0134,ADOPTED_GOVERNANCE,SUPPORTING,SUPPORTING_FROZEN,SUPPORTING,authority_precedence;founder_disposition;conflict;supersession;exceptions,CGP005-NF-ES-CG-01-0014,governance/implementation/code-guides/guides/ES-CG-01/source-freeze/ES-CG-01_SOURCE_FREEZE_MANIFEST.json,SUPPORTS_FOUNDER_REVIEW_NOT_CGP006_READY
CGP005-XW-00044,ES-CG-01,CGSRC-GOV-0138,ADOPTED_GOVERNANCE,CONTROLLING,CONTROLLING_FROZEN,MANDATORY,authority_precedence;founder_disposition;conflict;supersession;exceptions,CGP005-NF-ES-CG-01-0015,governance/implementation/code-guides/guides/ES-CG-01/source-freeze/ES-CG-01_SOURCE_FREEZE_MANIFEST.json,SUPPORTS_FOUNDER_REVIEW_NOT_CGP006_READY
CGP005-XW-00045,ES-CG-01,CGSRC-GOV-0139,ADOPTED_GOVERNANCE,CONTROLLING,CONTROLLING_FROZEN,MANDATORY,authority_precedence;founder_disposition;conflict;supersession;exceptions,CGP005-NF-ES-CG-01-0016,governance/implementation/code-guides/guides/ES-CG-01/source-freeze/ES-CG-01_SOURCE_FREEZE_MANIFEST.json,SUPPORTS_FOUNDER_REVIEW_NOT_CGP006_READY
CGP005-XW-00046,ES-CG-01,CGSRC-GOV-0140,ADOPTED_GOVERNANCE,SUPPORTING,SUPPORTING_FROZEN,SUPPORTING,authority_precedence;founder_disposition;conflict;supersession;exceptions,CGP005-NF-ES-CG-01-0017,governance/implementation/code-guides/guides/ES-CG-01/source-freeze/ES-CG-01_SOURCE_FREEZE_MANIFEST.json,SUPPORTS_FOUNDER_REVIEW_NOT_CGP006_READY
CGP005-XW-00047,ES-CG-01,CGSRC-GOV-0141,ADOPTED_GOVERNANCE,SUPPORTING,SUPPORTING_FROZEN,SUPPORTING,authority_precedence;founder_disposition;conflict;supersession;exceptions,CGP005-NF-ES-CG-01-0018,governance/implementation/code-guides/guides/ES-CG-01/source-freeze/ES-CG-01_SOURCE_FREEZE_MANIFEST.json,SUPPORTS_FOUNDER_REVIEW_NOT_CGP006_READY
CGP005-XW-00048,ES-CG-01,CGSRC-GOV-0152,ADOPTED_GOVERNANCE,CONTROLLING,CONTROLLING_FROZEN,MANDATORY,authority_precedence;founder_disposition;conflict;supersession;exceptions,CGP005-NF-ES-CG-01-0019,governance/implementation/code-guides/guides/ES-CG-01/source-freeze/ES-CG-01_SOURCE_FREEZE_MANIFEST.json,SUPPORTS_FOUNDER_REVIEW_NOT_CGP006_READY
CGP005-XW-00049,ES-CG-01,CGSRC-GOV-0153,ADOPTED_GOVERNANCE,CONTROLLING,CONTROLLING_FROZEN,MANDATORY,authority_precedence;founder_disposition;conflict;supersession;exceptions,CGP005-NF-ES-CG-01-0020,governance/implementation/code-guides/guides/ES-CG-01/source-freeze/ES-CG-01_SOURCE_FREEZE_MANIFEST.json,SUPPORTS_FOUNDER_REVIEW_NOT_CGP006_READY
CGP005-XW-00050,ES-CG-01,CGSRC-GOV-0018,ADOPTED_GOVERNANCE,CONTROLLING,CONTROLLING_FROZEN,MANDATORY,authority_precedence;founder_disposition;conflict;supersession;exceptions,CGP005-NF-ES-CG-01-0021,governance/implementation/code-guides/guides/ES-CG-01/source-freeze/ES-CG-01_SOURCE_FREEZE_MANIFEST.json,SUPPORTS_FOUNDER_REVIEW_NOT_CGP006_READY
CGP005-XW-00051,ES-CG-01,CGSRC-ARCH-0021,APPROVED_ARCHITECTURE,SUPPORTING,SUPPORTING_FROZEN,SUPPORTING,authority_precedence;founder_disposition;conflict;supersession;exceptions,CGP005-NF-ES-CG-01-0022,governance/implementation/code-guides/guides/ES-CG-01/source-freeze/ES-CG-01_SOURCE_FREEZE_MANIFEST.json,SUPPORTS_FOUNDER_REVIEW_NOT_CGP006_READY
CGP005-XW-00052,ES-CG-01,CGSRC-ATLAS-0017,IMPLEMENTATION_ATLAS,CONTROLLING,CONTROLLING_FROZEN,MANDATORY,authority_precedence;founder_disposition;conflict;supersession;exceptions,CGP005-NF-ES-CG-01-0023,governance/implementation/code-guides/guides/ES-CG-01/source-freeze/ES-CG-01_SOURCE_FREEZE_MANIFEST.json,SUPPORTS_FOUNDER_REVIEW_NOT_CGP006_READY
CGP005-XW-00053,ES-CG-01,CGSRC-ATLAS-0018,IMPLEMENTATION_ATLAS,CONTROLLING,CONTROLLING_FROZEN,MANDATORY,authority_precedence;founder_disposition;conflict;supersession;exceptions,CGP005-NF-ES-CG-01-0024,governance/implementation/code-guides/guides/ES-CG-01/source-freeze/ES-CG-01_SOURCE_FREEZE_MANIFEST.json,SUPPORTS_FOUNDER_REVIEW_NOT_CGP006_READY
CGP005-XW-00054,ES-CG-01,CGSRC-ATLAS-0019,IMPLEMENTATION_ATLAS,CONTROLLING,CONTROLLING_FROZEN,MANDATORY,authority_precedence;founder_disposition;conflict;supersession;exceptions,CGP005-NF-ES-CG-01-0025,governance/implementation/code-guides/guides/ES-CG-01/source-freeze/ES-CG-01_SOURCE_FREEZE_MANIFEST.json,SUPPORTS_FOUNDER_REVIEW_NOT_CGP006_READY
CGP005-XW-00055,ES-CG-01,CGSRC-ATLAS-0020,IMPLEMENTATION_ATLAS,CONTROLLING,CONTROLLING_FROZEN,MANDATORY,authority_precedence;founder_disposition;conflict;supersession;exceptions,CGP005-NF-ES-CG-01-0026,governance/implementation/code-guides/guides/ES-CG-01/source-freeze/ES-CG-01_SOURCE_FREEZE_MANIFEST.json,SUPPORTS_FOUNDER_REVIEW_NOT_CGP006_READY
CGP005-XW-00056,ES-CG-01,CGSRC-ATLAS-0021,IMPLEMENTATION_ATLAS,CONTROLLING,CONTROLLING_FROZEN,MANDATORY,authority_precedence;founder_disposition;conflict;supersession;exceptions,CGP005-NF-ES-CG-01-0027,governance/implementation/code-guides/guides/ES-CG-01/source-freeze/ES-CG-01_SOURCE_FREEZE_MANIFEST.json,SUPPORTS_FOUNDER_REVIEW_NOT_CGP006_READY
CGP005-XW-00057,ES-CG-01,CGSRC-CGP005-0005,REPOSITORY_EVIDENCE,SUPPORTING,IMPLEMENTATION_EVIDENCE_FROZEN,SUPPORTING,authority_precedence;founder_disposition;conflict;supersession;exceptions,CGP005-NF-ES-CG-01-0028,governance/implementation/code-guides/guides/ES-CG-01/source-freeze/ES-CG-01_SOURCE_FREEZE_MANIFEST.json,SUPPORTS_FOUNDER_REVIEW_NOT_CGP006_READY
CGP005-XW-00058,ES-CG-01,CGSRC-CGP005-0006,REPOSITORY_EVIDENCE,SUPPORTING,IMPLEMENTATION_EVIDENCE_FROZEN,SUPPORTING,authority_precedence;founder_disposition;conflict;supersession;exceptions,CGP005-NF-ES-CG-01-0029,governance/implementation/code-guides/guides/ES-CG-01/source-freeze/ES-CG-01_SOURCE_FREEZE_MANIFEST.json,SUPPORTS_FOUNDER_REVIEW_NOT_CGP006_READY
CGP005-XW-00059,ES-CG-01,CGSRC-CGP005-0010,REPOSITORY_EVIDENCE,SUPPORTING,IMPLEMENTATION_EVIDENCE_FROZEN,SUPPORTING,authority_precedence;founder_disposition;conflict;supersession;exceptions,CGP005-NF-ES-CG-01-0030,governance/implementation/code-guides/guides/ES-CG-01/source-freeze/ES-CG-01_SOURCE_FREEZE_MANIFEST.json,SUPPORTS_FOUNDER_REVIEW_NOT_CGP006_READY
CGP005-XW-00060,ES-CG-01,CGSRC-CGP005-0011,REPOSITORY_EVIDENCE,SUPPORTING,IMPLEMENTATION_EVIDENCE_FROZEN,SUPPORTING,authority_precedence;founder_disposition;conflict;supersession;exceptions,CGP005-NF-ES-CG-01-0031,governance/implementation/code-guides/guides/ES-CG-01/source-freeze/ES-CG-01_SOURCE_FREEZE_MANIFEST.json,SUPPORTS_FOUNDER_REVIEW_NOT_CGP006_READY
CGP005-XW-00061,ES-CG-01,CGSRC-CGP005-0202,REPOSITORY_EVIDENCE,SUPPORTING,IMPLEMENTATION_EVIDENCE_FROZEN,SUPPORTING,authority_precedence;founder_disposition;conflict;supersession;exceptions,CGP005-NF-ES-CG-01-0032,governance/implementation/code-guides/guides/ES-CG-01/source-freeze/ES-CG-01_SOURCE_FREEZE_MANIFEST.json,SUPPORTS_FOUNDER_REVIEW_NOT_CGP006_READY
CGP005-XW-00062,ES-CG-01,CGSRC-CGP005-0203,REPOSITORY_EVIDENCE,SUPPORTING,IMPLEMENTATION_EVIDENCE_FROZEN,SUPPORTING,authority_precedence;founder_disposition;conflict;supersession;exceptions,CGP005-NF-ES-CG-01-0033,governance/implementation/code-guides/guides/ES-CG-01/source-freeze/ES-CG-01_SOURCE_FREEZE_MANIFEST.json,SUPPORTS_FOUNDER_REVIEW_NOT_CGP006_READY
CGP005-XW-00063,ES-CG-01,CGSRC-CGP005-0204,REPOSITORY_EVIDENCE,SUPPORTING,IMPLEMENTATION_EVIDENCE_FROZEN,SUPPORTING,authority_precedence;founder_disposition;conflict;supersession;exceptions,CGP005-NF-ES-CG-01-0034,governance/implementation/code-guides/guides/ES-CG-01/source-freeze/ES-CG-01_SOURCE_FREEZE_MANIFEST.json,SUPPORTS_FOUNDER_REVIEW_NOT_CGP006_READY
CGP005-XW-00064,ES-CG-13,CGSRC-GOV-0002,ADOPTED_GOVERNANCE,CONTROLLING,CONTROLLING_FROZEN,MANDATORY,completion;evidence_grade;traceability;custody;closure;activation_boundary,CGP005-NF-ES-CG-13-0001,governance/implementation/code-guides/guides/ES-CG-13/source-freeze/ES-CG-13_SOURCE_FREEZE_MANIFEST.json,SUPPORTS_FOUNDER_REVIEW_NOT_CGP006_READY
CGP005-XW-00065,ES-CG-13,CGSRC-GOV-0003,ADOPTED_GOVERNANCE,CONTROLLING,CONTROLLING_FROZEN,MANDATORY,completion;evidence_grade;traceability;custody;closure;activation_boundary,CGP005-NF-ES-CG-13-0002,governance/implementation/code-guides/guides/ES-CG-13/source-freeze/ES-CG-13_SOURCE_FREEZE_MANIFEST.json,SUPPORTS_FOUNDER_REVIEW_NOT_CGP006_READY
CGP005-XW-00066,ES-CG-13,CGSRC-GOV-0004,ADOPTED_GOVERNANCE,CONTROLLING,CONTROLLING_FROZEN,MANDATORY,completion;evidence_grade;traceability;custody;closure;activation_boundary,CGP005-NF-ES-CG-13-0003,governance/implementation/code-guides/guides/ES-CG-13/source-freeze/ES-CG-13_SOURCE_FREEZE_MANIFEST.json,SUPPORTS_FOUNDER_REVIEW_NOT_CGP006_READY
CGP005-XW-00067,ES-CG-13,CGSRC-GOV-0005,ADOPTED_GOVERNANCE,CONTROLLING,CONTROLLING_FROZEN,MANDATORY,completion;evidence_grade;traceability;custody;closure;activation_boundary,CGP005-NF-ES-CG-13-0004,governance/implementation/code-guides/guides/ES-CG-13/source-freeze/ES-CG-13_SOURCE_FREEZE_MANIFEST.json,SUPPORTS_FOUNDER_REVIEW_NOT_CGP006_READY
CGP005-XW-00068,ES-CG-13,CGSRC-GOV-0007,ADOPTED_GOVERNANCE,SUPPORTING,SUPPORTING_FROZEN,SUPPORTING,completion;evidence_grade;traceability;custody;closure;activation_boundary,CGP005-NF-ES-CG-13-0005,governance/implementation/code-guides/guides/ES-CG-13/source-freeze/ES-CG-13_SOURCE_FREEZE_MANIFEST.json,SUPPORTS_FOUNDER_REVIEW_NOT_CGP006_READY
CGP005-XW-00069,ES-CG-13,CGSRC-GOV-0008,ADOPTED_GOVERNANCE,CONTROLLING,CONTROLLING_FROZEN,MANDATORY,completion;evidence_grade;traceability;custody;closure;activation_boundary,CGP005-NF-ES-CG-13-0006,governance/implementation/code-guides/guides/ES-CG-13/source-freeze/ES-CG-13_SOURCE_FREEZE_MANIFEST.json,SUPPORTS_FOUNDER_REVIEW_NOT_CGP006_READY
CGP005-XW-00070,ES-CG-13,CGSRC-GOV-0009,ADOPTED_GOVERNANCE,CONTROLLING,CONTROLLING_FROZEN,MANDATORY,completion;evidence_grade;traceability;custody;closure;activation_boundary,CGP005-NF-ES-CG-13-0007,governance/implementation/code-guides/guides/ES-CG-13/source-freeze/ES-CG-13_SOURCE_FREEZE_MANIFEST.json,SUPPORTS_FOUNDER_REVIEW_NOT_CGP006_READY
CGP005-XW-00071,ES-CG-13,CGSRC-GOV-0010,ADOPTED_GOVERNANCE,SUPPORTING,SUPPORTING_FROZEN,SUPPORTING,completion;evidence_grade;traceability;custody;closure;activation_boundary,CGP005-NF-ES-CG-13-0008,governance/implementation/code-guides/guides/ES-CG-13/source-freeze/ES-CG-13_SOURCE_FREEZE_MANIFEST.json,SUPPORTS_FOUNDER_REVIEW_NOT_CGP006_READY
CGP005-XW-00072,ES-CG-13,CGSRC-GOV-0011,ADOPTED_GOVERNANCE,CONTROLLING,CONTROLLING_FROZEN,MANDATORY,completion;evidence_grade;traceability;custody;closure;activation_boundary,CGP005-NF-ES-CG-13-0009,governance/implementation/code-guides/guides/ES-CG-13/source-freeze/ES-CG-13_SOURCE_FREEZE_MANIFEST.json,SUPPORTS_FOUNDER_REVIEW_NOT_CGP006_READY
CGP005-XW-00073,ES-CG-13,CGSRC-GOV-0012,ADOPTED_GOVERNANCE,CONTROLLING,CONTROLLING_FROZEN,MANDATORY,completion;evidence_grade;traceability;custody;closure;activation_boundary,CGP005-NF-ES-CG-13-0010,governance/implementation/code-guides/guides/ES-CG-13/source-freeze/ES-CG-13_SOURCE_FREEZE_MANIFEST.json,SUPPORTS_FOUNDER_REVIEW_NOT_CGP006_READY
CGP005-XW-00074,ES-CG-13,CGSRC-GOV-0013,ADOPTED_GOVERNANCE,SUPPORTING,SUPPORTING_FROZEN,SUPPORTING,completion;evidence_grade;traceability;custody;closure;activation_boundary,CGP005-NF-ES-CG-13-0011,governance/implementation/code-guides/guides/ES-CG-13/source-freeze/ES-CG-13_SOURCE_FREEZE_MANIFEST.json,SUPPORTS_FOUNDER_REVIEW_NOT_CGP006_READY
CGP005-XW-00075,ES-CG-13,CGSRC-GOV-0014,ADOPTED_GOVERNANCE,CONTROLLING,CONTROLLING_FROZEN,MANDATORY,completion;evidence_grade;traceability;custody;closure;activation_boundary,CGP005-NF-ES-CG-13-0012,governance/implementation/code-guides/guides/ES-CG-13/source-freeze/ES-CG-13_SOURCE_FREEZE_MANIFEST.json,SUPPORTS_FOUNDER_REVIEW_NOT_CGP006_READY
CGP005-XW-00076,ES-CG-13,CGSRC-GOV-0016,ADOPTED_GOVERNANCE,SUPPORTING,SUPPORTING_FROZEN,SUPPORTING,completion;evidence_grade;traceability;custody;closure;activation_boundary,CGP005-NF-ES-CG-13-0013,governance/implementation/code-guides/guides/ES-CG-13/source-freeze/ES-CG-13_SOURCE_FREEZE_MANIFEST.json,SUPPORTS_FOUNDER_REVIEW_NOT_CGP006_READY
CGP005-XW-00077,ES-CG-13,CGSRC-GOV-0017,ADOPTED_GOVERNANCE,SUPPORTING,SUPPORTING_FROZEN,SUPPORTING,completion;evidence_grade;traceability;custody;closure;activation_boundary,CGP005-NF-ES-CG-13-0014,governance/implementation/code-guides/guides/ES-CG-13/source-freeze/ES-CG-13_SOURCE_FREEZE_MANIFEST.json,SUPPORTS_FOUNDER_REVIEW_NOT_CGP006_READY
CGP005-XW-00078,ES-CG-13,CGSRC-GOV-0018,ADOPTED_GOVERNANCE,CONTROLLING,CONTROLLING_FROZEN,MANDATORY,completion;evidence_grade;traceability;custody;closure;activation_boundary,CGP005-NF-ES-CG-13-0015,governance/implementation/code-guides/guides/ES-CG-13/source-freeze/ES-CG-13_SOURCE_FREEZE_MANIFEST.json,SUPPORTS_FOUNDER_REVIEW_NOT_CGP006_READY
CGP005-XW-00079,ES-CG-13,CGSRC-GOV-0134,ADOPTED_GOVERNANCE,SUPPORTING,SUPPORTING_FROZEN,SUPPORTING,completion;evidence_grade;traceability;custody;closure;activation_boundary,CGP005-NF-ES-CG-13-0016,governance/implementation/code-guides/guides/ES-CG-13/source-freeze/ES-CG-13_SOURCE_FREEZE_MANIFEST.json,SUPPORTS_FOUNDER_REVIEW_NOT_CGP006_READY
CGP005-XW-00080,ES-CG-13,CGSRC-GOV-0140,ADOPTED_GOVERNANCE,SUPPORTING,SUPPORTING_FROZEN,SUPPORTING,completion;evidence_grade;traceability;custody;closure;activation_boundary,CGP005-NF-ES-CG-13-0017,governance/implementation/code-guides/guides/ES-CG-13/source-freeze/ES-CG-13_SOURCE_FREEZE_MANIFEST.json,SUPPORTS_FOUNDER_REVIEW_NOT_CGP006_READY
CGP005-XW-00081,ES-CG-13,CGSRC-GOV-0141,ADOPTED_GOVERNANCE,SUPPORTING,SUPPORTING_FROZEN,SUPPORTING,completion;evidence_grade;traceability;custody;closure;activation_boundary,CGP005-NF-ES-CG-13-0018,governance/implementation/code-guides/guides/ES-CG-13/source-freeze/ES-CG-13_SOURCE_FREEZE_MANIFEST.json,SUPPORTS_FOUNDER_REVIEW_NOT_CGP006_READY
CGP005-XW-00082,ES-CG-13,CGSRC-GOV-0152,ADOPTED_GOVERNANCE,CONTROLLING,CONTROLLING_FROZEN,MANDATORY,completion;evidence_grade;traceability;custody;closure;activation_boundary,CGP005-NF-ES-CG-13-0019,governance/implementation/code-guides/guides/ES-CG-13/source-freeze/ES-CG-13_SOURCE_FREEZE_MANIFEST.json,SUPPORTS_FOUNDER_REVIEW_NOT_CGP006_READY
CGP005-XW-00083,ES-CG-13,CGSRC-GOV-0153,ADOPTED_GOVERNANCE,CONTROLLING,CONTROLLING_FROZEN,MANDATORY,completion;evidence_grade;traceability;custody;closure;activation_boundary,CGP005-NF-ES-CG-13-0020,governance/implementation/code-guides/guides/ES-CG-13/source-freeze/ES-CG-13_SOURCE_FREEZE_MANIFEST.json,SUPPORTS_FOUNDER_REVIEW_NOT_CGP006_READY
CGP005-XW-00084,ES-CG-13,CGSRC-PIA-0010,APPROVED_PIA,CONTROLLING,CONTROLLING_FROZEN,MANDATORY,completion;evidence_grade;traceability;custody;closure;activation_boundary,CGP005-NF-ES-CG-13-0021,governance/implementation/code-guides/guides/ES-CG-13/source-freeze/ES-CG-13_SOURCE_FREEZE_MANIFEST.json,SUPPORTS_FOUNDER_REVIEW_NOT_CGP006_READY
CGP005-XW-00085,ES-CG-13,CGSRC-HIST-0038,HISTORICAL_PREDECESSOR,HISTORICAL,HISTORICAL_FROZEN,SUPPORTING,completion;evidence_grade;traceability;custody;closure;activation_boundary,CGP005-NF-ES-CG-13-0022,governance/implementation/code-guides/guides/ES-CG-13/source-freeze/ES-CG-13_SOURCE_FREEZE_MANIFEST.json,SUPPORTS_FOUNDER_REVIEW_NOT_CGP006_READY
CGP005-XW-00086,ES-CG-13,CGSRC-ATLAS-0006,IMPLEMENTATION_ATLAS,CONTROLLING,CONTROLLING_FROZEN,MANDATORY,completion;evidence_grade;traceability;custody;closure;activation_boundary,CGP005-NF-ES-CG-13-0023,governance/implementation/code-guides/guides/ES-CG-13/source-freeze/ES-CG-13_SOURCE_FREEZE_MANIFEST.json,SUPPORTS_FOUNDER_REVIEW_NOT_CGP006_READY
CGP005-XW-00087,ES-CG-13,CGSRC-ATLAS-0017,IMPLEMENTATION_ATLAS,CONTROLLING,CONTROLLING_FROZEN,MANDATORY,completion;evidence_grade;traceability;custody;closure;activation_boundary,CGP005-NF-ES-CG-13-0024,governance/implementation/code-guides/guides/ES-CG-13/source-freeze/ES-CG-13_SOURCE_FREEZE_MANIFEST.json,SUPPORTS_FOUNDER_REVIEW_NOT_CGP006_READY
CGP005-XW-00088,ES-CG-13,CGSRC-ATLAS-0018,IMPLEMENTATION_ATLAS,CONTROLLING,CONTROLLING_FROZEN,MANDATORY,completion;evidence_grade;traceability;custody;closure;activation_boundary,CGP005-NF-ES-CG-13-0025,governance/implementation/code-guides/guides/ES-CG-13/source-freeze/ES-CG-13_SOURCE_FREEZE_MANIFEST.json,SUPPORTS_FOUNDER_REVIEW_NOT_CGP006_READY
CGP005-XW-00089,ES-CG-13,CGSRC-ATLAS-0019,IMPLEMENTATION_ATLAS,CONTROLLING,CONTROLLING_FROZEN,MANDATORY,completion;evidence_grade;traceability;custody;closure;activation_boundary,CGP005-NF-ES-CG-13-0026,governance/implementation/code-guides/guides/ES-CG-13/source-freeze/ES-CG-13_SOURCE_FREEZE_MANIFEST.json,SUPPORTS_FOUNDER_REVIEW_NOT_CGP006_READY
CGP005-XW-00090,ES-CG-13,CGSRC-ATLAS-0020,IMPLEMENTATION_ATLAS,CONTROLLING,CONTROLLING_FROZEN,MANDATORY,completion;evidence_grade;traceability;custody;closure;activation_boundary,CGP005-NF-ES-CG-13-0027,governance/implementation/code-guides/guides/ES-CG-13/source-freeze/ES-CG-13_SOURCE_FREEZE_MANIFEST.json,SUPPORTS_FOUNDER_REVIEW_NOT_CGP006_READY
CGP005-XW-00091,ES-CG-13,CGSRC-ATLAS-0021,IMPLEMENTATION_ATLAS,CONTROLLING,CONTROLLING_FROZEN,MANDATORY,completion;evidence_grade;traceability;custody;closure;activation_boundary,CGP005-NF-ES-CG-13-0028,governance/implementation/code-guides/guides/ES-CG-13/source-freeze/ES-CG-13_SOURCE_FREEZE_MANIFEST.json,SUPPORTS_FOUNDER_REVIEW_NOT_CGP006_READY
CGP005-XW-00092,ES-CG-13,CGSRC-ATLAS-0022,IMPLEMENTATION_ATLAS,SUPPORTING,SUPPORTING_FROZEN,SUPPORTING,completion;evidence_grade;traceability;custody;closure;activation_boundary,CGP005-NF-ES-CG-13-0029,governance/implementation/code-guides/guides/ES-CG-13/source-freeze/ES-CG-13_SOURCE_FREEZE_MANIFEST.json,SUPPORTS_FOUNDER_REVIEW_NOT_CGP006_READY
CGP005-XW-00093,ES-CG-13,CGSRC-ATLAS-0023,IMPLEMENTATION_ATLAS,SUPPORTING,SUPPORTING_FROZEN,SUPPORTING,completion;evidence_grade;traceability;custody;closure;activation_boundary,CGP005-NF-ES-CG-13-0030,governance/implementation/code-guides/guides/ES-CG-13/source-freeze/ES-CG-13_SOURCE_FREEZE_MANIFEST.json,SUPPORTS_FOUNDER_REVIEW_NOT_CGP006_READY
CGP005-XW-00094,ES-CG-13,CGSRC-CGP005-0001,REPOSITORY_EVIDENCE,SUPPORTING,IMPLEMENTATION_EVIDENCE_FROZEN,SUPPORTING,completion;evidence_grade;traceability;custody;closure;activation_boundary,CGP005-NF-ES-CG-13-0031,governance/implementation/code-guides/guides/ES-CG-13/source-freeze/ES-CG-13_SOURCE_FREEZE_MANIFEST.json,SUPPORTS_FOUNDER_REVIEW_NOT_CGP006_READY
CGP005-XW-00095,ES-CG-13,CGSRC-CGP005-0002,REPOSITORY_EVIDENCE,SUPPORTING,IMPLEMENTATION_EVIDENCE_FROZEN,SUPPORTING,completion;evidence_grade;traceability;custody;closure;activation_boundary,CGP005-NF-ES-CG-13-0032,governance/implementation/code-guides/guides/ES-CG-13/source-freeze/ES-CG-13_SOURCE_FREEZE_MANIFEST.json,SUPPORTS_FOUNDER_REVIEW_NOT_CGP006_READY
CGP005-XW-00096,ES-CG-13,CGSRC-CGP005-0003,REPOSITORY_EVIDENCE,SUPPORTING,IMPLEMENTATION_EVIDENCE_FROZEN,SUPPORTING,completion;evidence_grade;traceability;custody;closure;activation_boundary,CGP005-NF-ES-CG-13-0033,governance/implementation/code-guides/guides/ES-CG-13/source-freeze/ES-CG-13_SOURCE_FREEZE_MANIFEST.json,SUPPORTS_FOUNDER_REVIEW_NOT_CGP006_READY
CGP005-XW-00097,ES-CG-13,CGSRC-CGP005-0004,REPOSITORY_EVIDENCE,SUPPORTING,IMPLEMENTATION_EVIDENCE_FROZEN,SUPPORTING,completion;evidence_grade;traceability;custody;closure;activation_boundary,CGP005-NF-ES-CG-13-0034,governance/implementation/code-guides/guides/ES-CG-13/source-freeze/ES-CG-13_SOURCE_FREEZE_MANIFEST.json,SUPPORTS_FOUNDER_REVIEW_NOT_CGP006_READY
CGP005-XW-00098,ES-CG-13,CGSRC-CGP005-0005,REPOSITORY_EVIDENCE,SUPPORTING,IMPLEMENTATION_EVIDENCE_FROZEN,SUPPORTING,completion;evidence_grade;traceability;custody;closure;activation_boundary,CGP005-NF-ES-CG-13-0035,governance/implementation/code-guides/guides/ES-CG-13/source-freeze/ES-CG-13_SOURCE_FREEZE_MANIFEST.json,SUPPORTS_FOUNDER_REVIEW_NOT_CGP006_READY
CGP005-XW-00099,ES-CG-13,CGSRC-CGP005-0006,REPOSITORY_EVIDENCE,SUPPORTING,IMPLEMENTATION_EVIDENCE_FROZEN,SUPPORTING,completion;evidence_grade;traceability;custody;closure;activation_boundary,CGP005-NF-ES-CG-13-0036,governance/implementation/code-guides/guides/ES-CG-13/source-freeze/ES-CG-13_SOURCE_FREEZE_MANIFEST.json,SUPPORTS_FOUNDER_REVIEW_NOT_CGP006_READY
CGP005-XW-00100,ES-CG-13,CGSRC-CGP005-0007,REPOSITORY_EVIDENCE,SUPPORTING,IMPLEMENTATION_EVIDENCE_FROZEN,SUPPORTING,completion;evidence_grade;traceability;custody;closure;activation_boundary,CGP005-NF-ES-CG-13-0037,governance/implementation/code-guides/guides/ES-CG-13/source-freeze/ES-CG-13_SOURCE_FREEZE_MANIFEST.json,SUPPORTS_FOUNDER_REVIEW_NOT_CGP006_READY
CGP005-XW-00101,ES-CG-13,CGSRC-CGP005-0008,REPOSITORY_EVIDENCE,SUPPORTING,IMPLEMENTATION_EVIDENCE_FROZEN,SUPPORTING,completion;evidence_grade;traceability;custody;closure;activation_boundary,CGP005-NF-ES-CG-13-0038,governance/implementation/code-guides/guides/ES-CG-13/source-freeze/ES-CG-13_SOURCE_FREEZE_MANIFEST.json,SUPPORTS_FOUNDER_REVIEW_NOT_CGP006_READY
CGP005-XW-00102,ES-CG-13,CGSRC-CGP005-0009,REPOSITORY_EVIDENCE,SUPPORTING,IMPLEMENTATION_EVIDENCE_FROZEN,SUPPORTING,completion;evidence_grade;traceability;custody;closure;activation_boundary,CGP005-NF-ES-CG-13-0039,governance/implementation/code-guides/guides/ES-CG-13/source-freeze/ES-CG-13_SOURCE_FREEZE_MANIFEST.json,SUPPORTS_FOUNDER_REVIEW_NOT_CGP006_READY
CGP005-XW-00103,ES-CG-13,CGSRC-CGP005-0010,REPOSITORY_EVIDENCE,SUPPORTING,IMPLEMENTATION_EVIDENCE_FROZEN,SUPPORTING,completion;evidence_grade;traceability;custody;closure;activation_boundary,CGP005-NF-ES-CG-13-0040,governance/implementation/code-guides/guides/ES-CG-13/source-freeze/ES-CG-13_SOURCE_FREEZE_MANIFEST.json,SUPPORTS_FOUNDER_REVIEW_NOT_CGP006_READY
CGP005-XW-00104,ES-CG-13,CGSRC-CGP005-0011,REPOSITORY_EVIDENCE,SUPPORTING,IMPLEMENTATION_EVIDENCE_FROZEN,SUPPORTING,completion;evidence_grade;traceability;custody;closure;activation_boundary,CGP005-NF-ES-CG-13-0041,governance/implementation/code-guides/guides/ES-CG-13/source-freeze/ES-CG-13_SOURCE_FREEZE_MANIFEST.json,SUPPORTS_FOUNDER_REVIEW_NOT_CGP006_READY
CGP005-XW-00105,ES-CG-13,CGSRC-CGP005-0201,REPOSITORY_EVIDENCE,SUPPORTING,IMPLEMENTATION_EVIDENCE_FROZEN,SUPPORTING,completion;evidence_grade;traceability;custody;closure;activation_boundary,CGP005-NF-ES-CG-13-0042,governance/implementation/code-guides/guides/ES-CG-13/source-freeze/ES-CG-13_SOURCE_FREEZE_MANIFEST.json,SUPPORTS_FOUNDER_REVIEW_NOT_CGP006_READY
CGP005-XW-00106,ES-CG-13,CGSRC-CGP005-0205,REPOSITORY_EVIDENCE,SUPPORTING,IMPLEMENTATION_EVIDENCE_FROZEN,SUPPORTING,completion;evidence_grade;traceability;custody;closure;activation_boundary,CGP005-NF-ES-CG-13-0043,governance/implementation/code-guides/guides/ES-CG-13/source-freeze/ES-CG-13_SOURCE_FREEZE_MANIFEST.json,SUPPORTS_FOUNDER_REVIEW_NOT_CGP006_READY
CGP005-XW-00107,ES-CG-13,CGSRC-CGP005-0207,TEST_EVIDENCE,SUPPORTING,IMPLEMENTATION_EVIDENCE_FROZEN,SUPPORTING,completion;evidence_grade;traceability;custody;closure;activation_boundary,CGP005-NF-ES-CG-13-0044,governance/implementation/code-guides/guides/ES-CG-13/source-freeze/ES-CG-13_SOURCE_FREEZE_MANIFEST.json,SUPPORTS_FOUNDER_REVIEW_NOT_CGP006_READY
CGP005-XW-00108,ES-CG-13,CGSRC-CGP005-0209,REPOSITORY_EVIDENCE,SUPPORTING,IMPLEMENTATION_EVIDENCE_FROZEN,SUPPORTING,completion;evidence_grade;traceability;custody;closure;activation_boundary,CGP005-NF-ES-CG-13-0045,governance/implementation/code-guides/guides/ES-CG-13/source-freeze/ES-CG-13_SOURCE_FREEZE_MANIFEST.json,SUPPORTS_FOUNDER_REVIEW_NOT_CGP006_READY
CGP005-XW-00109,ES-CG-10,CGSRC-GOV-0007,ADOPTED_GOVERNANCE,SUPPORTING,SUPPORTING_FROZEN,SUPPORTING,testing;verification;assurance;positive_negative_tests;ci_interpretation;false_pass_prevention,CGP005-NF-ES-CG-10-0001,governance/implementation/code-guides/guides/ES-CG-10/source-freeze/ES-CG-10_SOURCE_FREEZE_MANIFEST.json,SUPPORTS_FOUNDER_REVIEW_NOT_CGP006_READY
CGP005-XW-00110,ES-CG-10,CGSRC-GOV-0008,ADOPTED_GOVERNANCE,CONTROLLING,CONTROLLING_FROZEN,MANDATORY,testing;verification;assurance;positive_negative_tests;ci_interpretation;false_pass_prevention,CGP005-NF-ES-CG-10-0002,governance/implementation/code-guides/guides/ES-CG-10/source-freeze/ES-CG-10_SOURCE_FREEZE_MANIFEST.json,SUPPORTS_FOUNDER_REVIEW_NOT_CGP006_READY
CGP005-XW-00111,ES-CG-10,CGSRC-GOV-0016,ADOPTED_GOVERNANCE,SUPPORTING,SUPPORTING_FROZEN,SUPPORTING,testing;verification;assurance;positive_negative_tests;ci_interpretation;false_pass_prevention,CGP005-NF-ES-CG-10-0003,governance/implementation/code-guides/guides/ES-CG-10/source-freeze/ES-CG-10_SOURCE_FREEZE_MANIFEST.json,SUPPORTS_FOUNDER_REVIEW_NOT_CGP006_READY
CGP005-XW-00112,ES-CG-10,CGSRC-GOV-0017,ADOPTED_GOVERNANCE,SUPPORTING,SUPPORTING_FROZEN,SUPPORTING,testing;verification;assurance;positive_negative_tests;ci_interpretation;false_pass_prevention,CGP005-NF-ES-CG-10-0004,governance/implementation/code-guides/guides/ES-CG-10/source-freeze/ES-CG-10_SOURCE_FREEZE_MANIFEST.json,SUPPORTS_FOUNDER_REVIEW_NOT_CGP006_READY
CGP005-XW-00113,ES-CG-10,CGSRC-GOV-0018,ADOPTED_GOVERNANCE,CONTROLLING,CONTROLLING_FROZEN,MANDATORY,testing;verification;assurance;positive_negative_tests;ci_interpretation;false_pass_prevention,CGP005-NF-ES-CG-10-0005,governance/implementation/code-guides/guides/ES-CG-10/source-freeze/ES-CG-10_SOURCE_FREEZE_MANIFEST.json,SUPPORTS_FOUNDER_REVIEW_NOT_CGP006_READY
CGP005-XW-00114,ES-CG-10,CGSRC-GOV-0140,ADOPTED_GOVERNANCE,SUPPORTING,SUPPORTING_FROZEN,SUPPORTING,testing;verification;assurance;positive_negative_tests;ci_interpretation;false_pass_prevention,CGP005-NF-ES-CG-10-0006,governance/implementation/code-guides/guides/ES-CG-10/source-freeze/ES-CG-10_SOURCE_FREEZE_MANIFEST.json,SUPPORTS_FOUNDER_REVIEW_NOT_CGP006_READY
CGP005-XW-00115,ES-CG-10,CGSRC-GOV-0141,ADOPTED_GOVERNANCE,SUPPORTING,SUPPORTING_FROZEN,SUPPORTING,testing;verification;assurance;positive_negative_tests;ci_interpretation;false_pass_prevention,CGP005-NF-ES-CG-10-0007,governance/implementation/code-guides/guides/ES-CG-10/source-freeze/ES-CG-10_SOURCE_FREEZE_MANIFEST.json,SUPPORTS_FOUNDER_REVIEW_NOT_CGP006_READY
CGP005-XW-00116,ES-CG-10,CGSRC-ATLAS-0006,IMPLEMENTATION_ATLAS,CONTROLLING,CONTROLLING_FROZEN,MANDATORY,testing;verification;assurance;positive_negative_tests;ci_interpretation;false_pass_prevention,CGP005-NF-ES-CG-10-0008,governance/implementation/code-guides/guides/ES-CG-10/source-freeze/ES-CG-10_SOURCE_FREEZE_MANIFEST.json,SUPPORTS_FOUNDER_REVIEW_NOT_CGP006_READY
CGP005-XW-00117,ES-CG-10,CGSRC-ATLAS-0017,IMPLEMENTATION_ATLAS,CONTROLLING,CONTROLLING_FROZEN,MANDATORY,testing;verification;assurance;positive_negative_tests;ci_interpretation;false_pass_prevention,CGP005-NF-ES-CG-10-0009,governance/implementation/code-guides/guides/ES-CG-10/source-freeze/ES-CG-10_SOURCE_FREEZE_MANIFEST.json,SUPPORTS_FOUNDER_REVIEW_NOT_CGP006_READY
CGP005-XW-00118,ES-CG-10,CGSRC-ATLAS-0018,IMPLEMENTATION_ATLAS,CONTROLLING,CONTROLLING_FROZEN,MANDATORY,testing;verification;assurance;positive_negative_tests;ci_interpretation;false_pass_prevention,CGP005-NF-ES-CG-10-0010,governance/implementation/code-guides/guides/ES-CG-10/source-freeze/ES-CG-10_SOURCE_FREEZE_MANIFEST.json,SUPPORTS_FOUNDER_REVIEW_NOT_CGP006_READY
CGP005-XW-00119,ES-CG-10,CGSRC-ATLAS-0019,IMPLEMENTATION_ATLAS,CONTROLLING,CONTROLLING_FROZEN,MANDATORY,testing;verification;assurance;positive_negative_tests;ci_interpretation;false_pass_prevention,CGP005-NF-ES-CG-10-0011,governance/implementation/code-guides/guides/ES-CG-10/source-freeze/ES-CG-10_SOURCE_FREEZE_MANIFEST.json,SUPPORTS_FOUNDER_REVIEW_NOT_CGP006_READY
CGP005-XW-00120,ES-CG-10,CGSRC-ATLAS-0020,IMPLEMENTATION_ATLAS,CONTROLLING,CONTROLLING_FROZEN,MANDATORY,testing;verification;assurance;positive_negative_tests;ci_interpretation;false_pass_prevention,CGP005-NF-ES-CG-10-0012,governance/implementation/code-guides/guides/ES-CG-10/source-freeze/ES-CG-10_SOURCE_FREEZE_MANIFEST.json,SUPPORTS_FOUNDER_REVIEW_NOT_CGP006_READY
CGP005-XW-00121,ES-CG-10,CGSRC-ATLAS-0021,IMPLEMENTATION_ATLAS,CONTROLLING,CONTROLLING_FROZEN,MANDATORY,testing;verification;assurance;positive_negative_tests;ci_interpretation;false_pass_prevention,CGP005-NF-ES-CG-10-0013,governance/implementation/code-guides/guides/ES-CG-10/source-freeze/ES-CG-10_SOURCE_FREEZE_MANIFEST.json,SUPPORTS_FOUNDER_REVIEW_NOT_CGP006_READY
CGP005-XW-00122,ES-CG-10,CGSRC-ATLAS-0022,IMPLEMENTATION_ATLAS,SUPPORTING,SUPPORTING_FROZEN,SUPPORTING,testing;verification;assurance;positive_negative_tests;ci_interpretation;false_pass_prevention,CGP005-NF-ES-CG-10-0014,governance/implementation/code-guides/guides/ES-CG-10/source-freeze/ES-CG-10_SOURCE_FREEZE_MANIFEST.json,SUPPORTS_FOUNDER_REVIEW_NOT_CGP006_READY
CGP005-XW-00123,ES-CG-10,CGSRC-REPO-0006,REPOSITORY_EVIDENCE,SUPPORTING,IMPLEMENTATION_EVIDENCE_FROZEN,SUPPORTING,testing;verification;assurance;positive_negative_tests;ci_interpretation;false_pass_prevention,CGP005-NF-ES-CG-10-0015,governance/implementation/code-guides/guides/ES-CG-10/source-freeze/ES-CG-10_SOURCE_FREEZE_MANIFEST.json,SUPPORTS_FOUNDER_REVIEW_NOT_CGP006_READY
CGP005-XW-00124,ES-CG-10,CGSRC-REPO-0007,REPOSITORY_EVIDENCE,SUPPORTING,IMPLEMENTATION_EVIDENCE_FROZEN,SUPPORTING,testing;verification;assurance;positive_negative_tests;ci_interpretation;false_pass_prevention,CGP005-NF-ES-CG-10-0016,governance/implementation/code-guides/guides/ES-CG-10/source-freeze/ES-CG-10_SOURCE_FREEZE_MANIFEST.json,SUPPORTS_FOUNDER_REVIEW_NOT_CGP006_READY
CGP005-XW-00125,ES-CG-10,CGSRC-TEST-0001,TEST_EVIDENCE,SUPPORTING,IMPLEMENTATION_EVIDENCE_FROZEN,SUPPORTING,testing;verification;assurance;positive_negative_tests;ci_interpretation;false_pass_prevention,CGP005-NF-ES-CG-10-0017,governance/implementation/code-guides/guides/ES-CG-10/source-freeze/ES-CG-10_SOURCE_FREEZE_MANIFEST.json,SUPPORTS_FOUNDER_REVIEW_NOT_CGP006_READY
CGP005-XW-00126,ES-CG-10,CGSRC-TEST-0002,TEST_EVIDENCE,SUPPORTING,IMPLEMENTATION_EVIDENCE_FROZEN,SUPPORTING,testing;verification;assurance;positive_negative_tests;ci_interpretation;false_pass_prevention,CGP005-NF-ES-CG-10-0018,governance/implementation/code-guides/guides/ES-CG-10/source-freeze/ES-CG-10_SOURCE_FREEZE_MANIFEST.json,SUPPORTS_FOUNDER_REVIEW_NOT_CGP006_READY
CGP005-XW-00127,ES-CG-10,CGSRC-TEST-0004,TEST_EVIDENCE,SUPPORTING,IMPLEMENTATION_EVIDENCE_FROZEN,SUPPORTING,testing;verification;assurance;positive_negative_tests;ci_interpretation;false_pass_prevention,CGP005-NF-ES-CG-10-0019,governance/implementation/code-guides/guides/ES-CG-10/source-freeze/ES-CG-10_SOURCE_FREEZE_MANIFEST.json,SUPPORTS_FOUNDER_REVIEW_NOT_CGP006_READY
CGP005-XW-00128,ES-CG-10,CGSRC-REPO-0629,REPOSITORY_EVIDENCE,SUPPORTING,IMPLEMENTATION_EVIDENCE_FROZEN,SUPPORTING,testing;verification;assurance;positive_negative_tests;ci_interpretation;false_pass_prevention,CGP005-NF-ES-CG-10-0020,governance/implementation/code-guides/guides/ES-CG-10/source-freeze/ES-CG-10_SOURCE_FREEZE_MANIFEST.json,SUPPORTS_FOUNDER_REVIEW_NOT_CGP006_READY
CGP005-XW-00129,ES-CG-10,CGSRC-EXT-0002,EXTERNAL_STANDARD,SUPPORTING,SUPPORTING_FROZEN,SUPPORTING,testing;verification;assurance;positive_negative_tests;ci_interpretation;false_pass_prevention,CGP005-NF-ES-CG-10-0021,governance/implementation/code-guides/guides/ES-CG-10/source-freeze/ES-CG-10_SOURCE_FREEZE_MANIFEST.json,SUPPORTS_FOUNDER_REVIEW_NOT_CGP006_READY
CGP005-XW-00130,ES-CG-10,CGSRC-CGP005-0007,REPOSITORY_EVIDENCE,SUPPORTING,IMPLEMENTATION_EVIDENCE_FROZEN,SUPPORTING,testing;verification;assurance;positive_negative_tests;ci_interpretation;false_pass_prevention,CGP005-NF-ES-CG-10-0022,governance/implementation/code-guides/guides/ES-CG-10/source-freeze/ES-CG-10_SOURCE_FREEZE_MANIFEST.json,SUPPORTS_FOUNDER_REVIEW_NOT_CGP006_READY
CGP005-XW-00131,ES-CG-10,CGSRC-CGP005-0008,REPOSITORY_EVIDENCE,SUPPORTING,IMPLEMENTATION_EVIDENCE_FROZEN,SUPPORTING,testing;verification;assurance;positive_negative_tests;ci_interpretation;false_pass_prevention,CGP005-NF-ES-CG-10-0023,governance/implementation/code-guides/guides/ES-CG-10/source-freeze/ES-CG-10_SOURCE_FREEZE_MANIFEST.json,SUPPORTS_FOUNDER_REVIEW_NOT_CGP006_READY
CGP005-XW-00132,ES-CG-10,CGSRC-CGP005-0009,REPOSITORY_EVIDENCE,SUPPORTING,IMPLEMENTATION_EVIDENCE_FROZEN,SUPPORTING,testing;verification;assurance;positive_negative_tests;ci_interpretation;false_pass_prevention,CGP005-NF-ES-CG-10-0024,governance/implementation/code-guides/guides/ES-CG-10/source-freeze/ES-CG-10_SOURCE_FREEZE_MANIFEST.json,SUPPORTS_FOUNDER_REVIEW_NOT_CGP006_READY
CGP005-XW-00133,ES-CG-10,CGSRC-CGP005-0205,REPOSITORY_EVIDENCE,SUPPORTING,IMPLEMENTATION_EVIDENCE_FROZEN,SUPPORTING,testing;verification;assurance;positive_negative_tests;ci_interpretation;false_pass_prevention,CGP005-NF-ES-CG-10-0025,governance/implementation/code-guides/guides/ES-CG-10/source-freeze/ES-CG-10_SOURCE_FREEZE_MANIFEST.json,SUPPORTS_FOUNDER_REVIEW_NOT_CGP006_READY
CGP005-XW-00134,ES-CG-10,CGSRC-CGP005-0206,REPOSITORY_EVIDENCE,SUPPORTING,IMPLEMENTATION_EVIDENCE_FROZEN,SUPPORTING,testing;verification;assurance;positive_negative_tests;ci_interpretation;false_pass_prevention,CGP005-NF-ES-CG-10-0026,governance/implementation/code-guides/guides/ES-CG-10/source-freeze/ES-CG-10_SOURCE_FREEZE_MANIFEST.json,SUPPORTS_FOUNDER_REVIEW_NOT_CGP006_READY
CGP005-XW-00135,ES-CG-10,CGSRC-CGP005-0207,TEST_EVIDENCE,SUPPORTING,IMPLEMENTATION_EVIDENCE_FROZEN,SUPPORTING,testing;verification;assurance;positive_negative_tests;ci_interpretation;false_pass_prevention,CGP005-NF-ES-CG-10-0027,governance/implementation/code-guides/guides/ES-CG-10/source-freeze/ES-CG-10_SOURCE_FREEZE_MANIFEST.json,SUPPORTS_FOUNDER_REVIEW_NOT_CGP006_READY
CGP005-XW-00136,ES-CG-10,CGSRC-CGP005-0208,TEST_EVIDENCE,SUPPORTING,IMPLEMENTATION_EVIDENCE_FROZEN,SUPPORTING,testing;verification;assurance;positive_negative_tests;ci_interpretation;false_pass_prevention,CGP005-NF-ES-CG-10-0028,governance/implementation/code-guides/guides/ES-CG-10/source-freeze/ES-CG-10_SOURCE_FREEZE_MANIFEST.json,SUPPORTS_FOUNDER_REVIEW_NOT_CGP006_READY
CGP005-XW-00137,ES-CG-10,CGSRC-CGP005-0209,REPOSITORY_EVIDENCE,SUPPORTING,IMPLEMENTATION_EVIDENCE_FROZEN,SUPPORTING,testing;verification;assurance;positive_negative_tests;ci_interpretation;false_pass_prevention,CGP005-NF-ES-CG-10-0029,governance/implementation/code-guides/guides/ES-CG-10/source-freeze/ES-CG-10_SOURCE_FREEZE_MANIFEST.json,SUPPORTS_FOUNDER_REVIEW_NOT_CGP006_READY
CGP005-XW-00138,ES-CG-10,CGSRC-CGP005-0210,TEST_EVIDENCE,SUPPORTING,IMPLEMENTATION_EVIDENCE_FROZEN,SUPPORTING,testing;verification;assurance;positive_negative_tests;ci_interpretation;false_pass_prevention,CGP005-NF-ES-CG-10-0030,governance/implementation/code-guides/guides/ES-CG-10/source-freeze/ES-CG-10_SOURCE_FREEZE_MANIFEST.json,SUPPORTS_FOUNDER_REVIEW_NOT_CGP006_READY
CGP005-XW-00139,ES-CG-10,CGSRC-CGP005-0211,TEST_EVIDENCE,SUPPORTING,IMPLEMENTATION_EVIDENCE_FROZEN,SUPPORTING,testing;verification;assurance;positive_negative_tests;ci_interpretation;false_pass_prevention,CGP005-NF-ES-CG-10-0031,governance/implementation/code-guides/guides/ES-CG-10/source-freeze/ES-CG-10_SOURCE_FREEZE_MANIFEST.json,SUPPORTS_FOUNDER_REVIEW_NOT_CGP006_READY
