evidence_id,path,sha256,git_commit,git_blob,validated_git_blob,authority,evidence_role
S2A-SRC-6D0B2AA7B799,backend/.python-version,35cafb8c702c5f217b67df5648dfb141cba38156c135a85cf5026d4d92d6bab3,0be6172a28b75238c5facabf91d43ed09aaf0d54,2d4715b6a211083d26526ff357cd6b9a42fe16f7,2d4715b6a211083d26526ff357cd6b9a42fe16f7,SEALED_STAGE2_REPOSITORY_EVIDENCE,PREDECESSOR_REQUIREMENT_OR_APPLICATION_SOURCE
S2A-SRC-A780F027052B,backend/requirements.txt,868ba96cc66725ea3a514bc547acd44846ff90adb00d74e65b3961d88807f430,0be6172a28b75238c5facabf91d43ed09aaf0d54,64670400c38ec94c34aa07948fa6a9c0c2631311,64670400c38ec94c34aa07948fa6a9c0c2631311,SEALED_STAGE2_REPOSITORY_EVIDENCE,PREDECESSOR_REQUIREMENT_OR_APPLICATION_SOURCE
S2A-SRC-DA6498268E99,frontend/package.json,fca09efd733f2da0c4fc97bb5da8688351eb83bd227691703d387e1a0ad897f9,0be6172a28b75238c5facabf91d43ed09aaf0d54,485be46d9b05f83dfff91773b031deb808ab7354,485be46d9b05f83dfff91773b031deb808ab7354,SEALED_STAGE2_REPOSITORY_EVIDENCE,PREDECESSOR_REQUIREMENT_OR_APPLICATION_SOURCE
S2A-SRC-4A2D9AA3E849,frontend/package-lock.json,7b5781f7164b0ac9250d670fb5ab27b62570d2fa7d6a22e1cad82deb704602fe,0be6172a28b75238c5facabf91d43ed09aaf0d54,0b34bfbb8546d64b8e87aada767fb665b0e7fe87,0b34bfbb8546d64b8e87aada767fb665b0e7fe87,SEALED_STAGE2_REPOSITORY_EVIDENCE,PREDECESSOR_REQUIREMENT_OR_APPLICATION_SOURCE
S2A-SRC-252C054DD384,frontend/vercel.json,6e214be324a4798dfde5a006e1e31f97b748f900071dba8df78bcdc6b54302ff,0be6172a28b75238c5facabf91d43ed09aaf0d54,f3fc7e58c463f2d15a8eb359dd54cc5a50fe29a8,f3fc7e58c463f2d15a8eb359dd54cc5a50fe29a8,SEALED_STAGE2_REPOSITORY_EVIDENCE,PREDECESSOR_REQUIREMENT_OR_APPLICATION_SOURCE
S2A-SRC-7372245F011F,backend/core/config.py,a3981e8c761507e2e533b7ba6676753565c43966e49f54dc21d2d683f6b39d7f,0be6172a28b75238c5facabf91d43ed09aaf0d54,1bdb6aa7e3062d9dd0c8a46b24b97a0542bf9473,1bdb6aa7e3062d9dd0c8a46b24b97a0542bf9473,SEALED_STAGE2_REPOSITORY_EVIDENCE,PREDECESSOR_REQUIREMENT_OR_APPLICATION_SOURCE
S2A-SRC-7E07943BD81D,backend/core/db.py,15aee98d96b4e7408e1cf0cf8660ee1541a6307b138161d3575b8c2c40733907,0be6172a28b75238c5facabf91d43ed09aaf0d54,39491e43b8af164c5f873a84cd4d2e753a7ae36d,39491e43b8af164c5f873a84cd4d2e753a7ae36d,SEALED_STAGE2_REPOSITORY_EVIDENCE,PREDECESSOR_REQUIREMENT_OR_APPLICATION_SOURCE
S2A-SRC-E8782636D39C,backend/core/lifespan.py,385280f093abb0509d00879c0910fd2d4382a31c56b8f07c3df5b9dae0217d80,0be6172a28b75238c5facabf91d43ed09aaf0d54,6c5cac308edbb9984f4d3f38ba2c211c82d4dd12,6c5cac308edbb9984f4d3f38ba2c211c82d4dd12,SEALED_STAGE2_REPOSITORY_EVIDENCE,PREDECESSOR_REQUIREMENT_OR_APPLICATION_SOURCE
S2A-SRC-D56B75262B02,backend/core/billing_provisioning.py,6ac5383c2dd73e6f02ac17dea4b647c831b8e3be47565deba7e89510d8046456,0be6172a28b75238c5facabf91d43ed09aaf0d54,818bd8e2b95f7ae451f45d0c9eb889bc6b37d8fb,818bd8e2b95f7ae451f45d0c9eb889bc6b37d8fb,SEALED_STAGE2_REPOSITORY_EVIDENCE,PREDECESSOR_REQUIREMENT_OR_APPLICATION_SOURCE
S2A-SRC-7AAD1D8A7C12,backend/server.py,c69acbc963e2a0913e28a31d8fd5a6b6aa9a6bfad9656cd0aa09f024dfeeb241,0be6172a28b75238c5facabf91d43ed09aaf0d54,81e0aa2cd6a8b6effa5759dacef39a1a47a3a448,81e0aa2cd6a8b6effa5759dacef39a1a47a3a448,SEALED_STAGE2_REPOSITORY_EVIDENCE,PREDECESSOR_REQUIREMENT_OR_APPLICATION_SOURCE
S2A-SRC-4165464DC96D,backend/core/provider_live_proof.py,cc881bb942139bb26a9c49af0ee997d90ddf528cad6841984ed7a4257e5b6fff,0be6172a28b75238c5facabf91d43ed09aaf0d54,74739254245844e5092bb612271fc26e01244ea6,74739254245844e5092bb612271fc26e01244ea6,SEALED_STAGE2_REPOSITORY_EVIDENCE,PREDECESSOR_REQUIREMENT_OR_APPLICATION_SOURCE
S2A-SRC-47C839F00DCC,backend/mailer.py,785cca7ef4fa86bce465804677ecabf584affd5f20b8d9f420b6e3639db096f5,0be6172a28b75238c5facabf91d43ed09aaf0d54,f71ba40302a01d293eb1530b33193afab00a1044,f71ba40302a01d293eb1530b33193afab00a1044,SEALED_STAGE2_REPOSITORY_EVIDENCE,PREDECESSOR_REQUIREMENT_OR_APPLICATION_SOURCE
S2A-SRC-6A6684E00BF4,backend/routes/system.py,6812e779a46fdf23f696435b7f1471aa9a6be273d5b3f8fbb5c295de317093e6,0be6172a28b75238c5facabf91d43ed09aaf0d54,c74b4119078170bf571edb5fa4076affd6ab92ca,c74b4119078170bf571edb5fa4076affd6ab92ca,SEALED_STAGE2_REPOSITORY_EVIDENCE,PREDECESSOR_REQUIREMENT_OR_APPLICATION_SOURCE
S2A-SRC-C3171954381B,backend/core/document_signing.py,ce3c8d52039a9d602070c5d7df48e3ab752356ee0a4da8890a39711c1c7a6e53,0be6172a28b75238c5facabf91d43ed09aaf0d54,c7b04fd0d58f903a5e965765a1de82687624faa6,c7b04fd0d58f903a5e965765a1de82687624faa6,SEALED_STAGE2_REPOSITORY_EVIDENCE,PREDECESSOR_REQUIREMENT_OR_APPLICATION_SOURCE
S2A-SRC-B7370F708107,backend/routes/document_signatures.py,8bef245588e2447808400f4cb751882ff274d415fd1bfe1c93cbb854bef1bf4f,0be6172a28b75238c5facabf91d43ed09aaf0d54,2bacbe3b52fdb4c0a07a47aab5192b24cb3f5042,2bacbe3b52fdb4c0a07a47aab5192b24cb3f5042,SEALED_STAGE2_REPOSITORY_EVIDENCE,PREDECESSOR_REQUIREMENT_OR_APPLICATION_SOURCE
S2A-SRC-F233586AA1C3,backend/storage.py,77d5b7b7ffd6d45cbbb5bc9add385200b99213af5fc1a601acd78e5762225115,0be6172a28b75238c5facabf91d43ed09aaf0d54,bdbbfeb69138a125e01cfd186257ae2a91004bcc,bdbbfeb69138a125e01cfd186257ae2a91004bcc,SEALED_STAGE2_REPOSITORY_EVIDENCE,PREDECESSOR_REQUIREMENT_OR_APPLICATION_SOURCE
S2A-SRC-DEEDB1D5DA0D,backend/routes/backlog.py,6ace6f477ead7123ee8fccc5faef51052599f282adbee136dc3069e514092832,0be6172a28b75238c5facabf91d43ed09aaf0d54,1fc2ef484a77d6535998594068594b518bc6a8c3,1fc2ef484a77d6535998594068594b518bc6a8c3,SEALED_STAGE2_REPOSITORY_EVIDENCE,PREDECESSOR_REQUIREMENT_OR_APPLICATION_SOURCE
S2A-SRC-3BCA67DC6A14,backend/routes/subscriptions.py,c6225e5261460c0e13d37db3bbbe8364bfbd1c8800de536f00eee420f10c3e48,0be6172a28b75238c5facabf91d43ed09aaf0d54,4fb23c863af6984eec1eee9383398026e69d8946,4fb23c863af6984eec1eee9383398026e69d8946,SEALED_STAGE2_REPOSITORY_EVIDENCE,PREDECESSOR_REQUIREMENT_OR_APPLICATION_SOURCE
S2A-SRC-67F93FEACC0D,backend/routes/membership.py,eb95ee48330d66912685b0acdaebc74a41f76bd1b8366e2197da3db422d6a1b6,0be6172a28b75238c5facabf91d43ed09aaf0d54,c6599c5e1e3ad414a80908387a69ed9652440ffa,c6599c5e1e3ad414a80908387a69ed9652440ffa,SEALED_STAGE2_REPOSITORY_EVIDENCE,PREDECESSOR_REQUIREMENT_OR_APPLICATION_SOURCE
S2A-SRC-851342C60D14,docs/implementation/STAGE_2_EXECUTION_BASELINE/ES-PKG-2026-003-V002/EXECUTION_BASELINE_GAP_ANALYSIS.json,045db34fcc119471ea087684a616df0e0ff68b94e16e03c08dcbcd01188ccfeb,0be6172a28b75238c5facabf91d43ed09aaf0d54,26e506f9d723fbdfa0305bfc6d3fdc114a4f7399,26e506f9d723fbdfa0305bfc6d3fdc114a4f7399,SEALED_STAGE2_REPOSITORY_EVIDENCE,PREDECESSOR_REQUIREMENT_OR_APPLICATION_SOURCE
S2A-SRC-F6E518D05F67,docs/implementation/STAGE_2_EXECUTION_BASELINE/ES-PKG-2026-003-V002/EXECUTION_BASELINE_GAP_ANALYSIS.md,2301e7167aaff3deca79a738108ac079f7072f1dab65a9c4f4330ae1b7099433,0be6172a28b75238c5facabf91d43ed09aaf0d54,af8636380b715e0628c53073d8d9cccad3bc15d8,af8636380b715e0628c53073d8d9cccad3bc15d8,SEALED_STAGE2_REPOSITORY_EVIDENCE,PREDECESSOR_REQUIREMENT_OR_APPLICATION_SOURCE
S2A-SRC-DD59CCC6D0EF,stage2a/.gitignore,8d8fb917a62faad446219e20b2faf7ae00ff2e92deb20563f65c6daa0ff803e2,edd8ac0a59c9c0fce4408538e8596b10a9a97428,65476f071096e166b297daf83530e6a5bbb373fd,65476f071096e166b297daf83530e6a5bbb373fd,AUTHORIZED_STAGE2A_IMPLEMENTATION,IMPLEMENTATION_AND_CONTROL_SOURCE
S2A-SRC-17624E7B0F5F,stage2a/.node-version,2a42bceee722abfa6c8a7ff6149ada5bca012b841687c62158e5ce60ef528c68,edd8ac0a59c9c0fce4408538e8596b10a9a97428,0a492611a09771e4ffc0ddc9460de6392f3dfc02,0a492611a09771e4ffc0ddc9460de6392f3dfc02,AUTHORIZED_STAGE2A_IMPLEMENTATION,IMPLEMENTATION_AND_CONTROL_SOURCE
S2A-SRC-0E4357156F16,stage2a/.python-version,35cafb8c702c5f217b67df5648dfb141cba38156c135a85cf5026d4d92d6bab3,edd8ac0a59c9c0fce4408538e8596b10a9a97428,2d4715b6a211083d26526ff357cd6b9a42fe16f7,2d4715b6a211083d26526ff357cd6b9a42fe16f7,AUTHORIZED_STAGE2A_IMPLEMENTATION,IMPLEMENTATION_AND_CONTROL_SOURCE
S2A-SRC-4FEC9FE3425C,stage2a/authority/STAGE2A_FOUNDER_AUTHORIZATION_SCOPE.md,05301dedd3f44dc9a02a3d11a640b99b1fe808e974175c3764f54619ac23a8bf,edd8ac0a59c9c0fce4408538e8596b10a9a97428,5630414cd38113c24efcadc0ba2bb8e293c144ae,5630414cd38113c24efcadc0ba2bb8e293c144ae,AUTHORIZED_STAGE2A_IMPLEMENTATION,IMPLEMENTATION_AND_CONTROL_SOURCE
S2A-SRC-1D735D44D5A3,stage2a/bootstrap_backend.py,eaec69b552e4fe6897b50222dee0eb62548280f756fbd1b996fc2cb4ba43c1d3,edd8ac0a59c9c0fce4408538e8596b10a9a97428,d704eac2cbfe8848914e268692bbf28d6f43c6bc,d704eac2cbfe8848914e268692bbf28d6f43c6bc,AUTHORIZED_STAGE2A_IMPLEMENTATION,IMPLEMENTATION_AND_CONTROL_SOURCE
S2A-SRC-C9B599E18100,stage2a/bootstrap_backend.sh,2935f1b4ee1f2ee44a9cd1801d2d646f9badeed436e7f811e6fa8246b40abc67,edd8ac0a59c9c0fce4408538e8596b10a9a97428,59bdb3b9e031d469dae1a969217242abd73bbe66,59bdb3b9e031d469dae1a969217242abd73bbe66,AUTHORIZED_STAGE2A_IMPLEMENTATION,IMPLEMENTATION_AND_CONTROL_SOURCE
S2A-SRC-60288FE64B38,stage2a/build_successor_package.py,9ad9e763ffcefee29f876301eee45460fbd615a8f39c8a696788caed42c81eba,edd8ac0a59c9c0fce4408538e8596b10a9a97428,f78b5156f91527760ba817039e8f90d3cba29ca9,f78b5156f91527760ba817039e8f90d3cba29ca9,AUTHORIZED_STAGE2A_IMPLEMENTATION,IMPLEMENTATION_AND_CONTROL_SOURCE
S2A-SRC-DDFD0174B8E7,stage2a/cleanup.py,76ac263e0180f2222f294b07543af69f420a5994f66203eb05dd964f31122cf4,edd8ac0a59c9c0fce4408538e8596b10a9a97428,af093e1dbc3612be555f7393952fc7050d5027ec,af093e1dbc3612be555f7393952fc7050d5027ec,AUTHORIZED_STAGE2A_IMPLEMENTATION,IMPLEMENTATION_AND_CONTROL_SOURCE
S2A-SRC-EF903072E234,stage2a/config/loopback-only.sb,b970cb3f4f2ec8685b769aa2006358819be712b5e4db88e56ee0461b1ced9583,edd8ac0a59c9c0fce4408538e8596b10a9a97428,881daee936a5a9594d91ef2e0ae5f4848b809910,881daee936a5a9594d91ef2e0ae5f4848b809910,AUTHORIZED_STAGE2A_IMPLEMENTATION,IMPLEMENTATION_AND_CONTROL_SOURCE
S2A-SRC-E0D33F293AA3,stage2a/config/stage2a.env,263f2b7500302a727cf0b6a2a0ca2f4e15ec715f0cd773ae89b8170d99832efa,edd8ac0a59c9c0fce4408538e8596b10a9a97428,4cbb50fcd060ac73852ef21c9baa4577ad93b4e8,4cbb50fcd060ac73852ef21c9baa4577ad93b4e8,AUTHORIZED_STAGE2A_IMPLEMENTATION,IMPLEMENTATION_AND_CONTROL_SOURCE
S2A-SRC-FE37047E052D,stage2a/dependency_inventory.py,026b2f01372395cc256cedbbf6917162316962132c279714d6c2fed4dc95dca7,edd8ac0a59c9c0fce4408538e8596b10a9a97428,a048a6435b089bd0e1c22ec6b958aa1f2b060ed7,a048a6435b089bd0e1c22ec6b958aa1f2b060ed7,AUTHORIZED_STAGE2A_IMPLEMENTATION,IMPLEMENTATION_AND_CONTROL_SOURCE
S2A-SRC-E05B0D9A0B6B,stage2a/evidence/events/CONTROLLED_IDENTITY_PROBE_TEMPORARY_PROCESS_RESIDUE.json,cb3de69c298fa203ea3366ff626567b61f55768310b4fe87386815619e748520,edd8ac0a59c9c0fce4408538e8596b10a9a97428,745b6642a5545d39e6a5f8a6c7934449b2483b2d,745b6642a5545d39e6a5f8a6c7934449b2483b2d,AUTHORIZED_STAGE2A_IMPLEMENTATION,IMPLEMENTATION_AND_CONTROL_SOURCE
S2A-SRC-AF9539AF7966,stage2a/evidence/events/CONTROLLED_IDENTITY_PROBE_TEMPORARY_PROCESS_RESIDUE.md,dc7014c274f309625a8c96be66fd545a9bd9d27faec2e5fdc885c436d1bd7267,edd8ac0a59c9c0fce4408538e8596b10a9a97428,4ccdad7337efc81ba502424d7cf2b342f70e4bdd,4ccdad7337efc81ba502424d7cf2b342f70e4bdd,AUTHORIZED_STAGE2A_IMPLEMENTATION,IMPLEMENTATION_AND_CONTROL_SOURCE
S2A-SRC-2343FCE9E6E1,stage2a/evidence/events/CONTROLLED_STARTUP_FAILURE_PROCESS_RESIDUE.json,ae250c166d889f834e5cbfa5b3fb590fc140e45c1a6a1c2fd822c15788d69c70,edd8ac0a59c9c0fce4408538e8596b10a9a97428,5d3e3ec4bd13fbae48a187ba5d56f2861b3deeac,5d3e3ec4bd13fbae48a187ba5d56f2861b3deeac,AUTHORIZED_STAGE2A_IMPLEMENTATION,IMPLEMENTATION_AND_CONTROL_SOURCE
S2A-SRC-9A0E4EC7C8C9,stage2a/evidence/events/CONTROLLED_STARTUP_FAILURE_PROCESS_RESIDUE.md,57dceccfa1e61a3a192fb10e417d5e2033bddf1dc8a4943baac06b3fa5d007f4,edd8ac0a59c9c0fce4408538e8596b10a9a97428,80bb02a1865a22fd7fdc9155bed3d96f589f4233,80bb02a1865a22fd7fdc9155bed3d96f589f4233,AUTHORIZED_STAGE2A_IMPLEMENTATION,IMPLEMENTATION_AND_CONTROL_SOURCE
S2A-SRC-631BE2ED706D,stage2a/evidence/events/RUNTIME_AGENT_TYPE_SELECTOR_UNAVAILABLE.json,2a296c0256346425c21008082861d3375569089c5473bf705ce289395c3179ae,edd8ac0a59c9c0fce4408538e8596b10a9a97428,6a708983e370843040fd8933c2ebc78a547365f2,6a708983e370843040fd8933c2ebc78a547365f2,AUTHORIZED_STAGE2A_IMPLEMENTATION,IMPLEMENTATION_AND_CONTROL_SOURCE
S2A-SRC-583FC61A46F7,stage2a/evidence/events/RUNTIME_AGENT_TYPE_SELECTOR_UNAVAILABLE.md,e9e762fc5fe43c6856f81f8afb43533c1b3f8dc812128a7da2aa26eee90a0f65,edd8ac0a59c9c0fce4408538e8596b10a9a97428,138b7060957e8fc84a11d0138e0cfe9acf484535,138b7060957e8fc84a11d0138e0cfe9acf484535,AUTHORIZED_STAGE2A_IMPLEMENTATION,IMPLEMENTATION_AND_CONTROL_SOURCE
S2A-SRC-46505F6ADD5C,stage2a/evidence/events/SEGREGATED_REVIEW_TEMPORARY_PROCESS_RESIDUE.json,b3f8b238e6f71e0c3c9d7908b663465136e5fdd46ba75b42d7be6b3ebb87bde4,edd8ac0a59c9c0fce4408538e8596b10a9a97428,e85399baee5b5fa6d98b2540c0588d834b4687b2,e85399baee5b5fa6d98b2540c0588d834b4687b2,AUTHORIZED_STAGE2A_IMPLEMENTATION,IMPLEMENTATION_AND_CONTROL_SOURCE
S2A-SRC-E56A02B012B0,stage2a/evidence/events/SEGREGATED_REVIEW_TEMPORARY_PROCESS_RESIDUE.md,8d4322de33308a97758e6e588e2aa50372af66c3d336471b11d7488d54dc6caa,edd8ac0a59c9c0fce4408538e8596b10a9a97428,ab29b4c74f36e977fa19909f9fd6594112a3ad01,ab29b4c74f36e977fa19909f9fd6594112a3ad01,AUTHORIZED_STAGE2A_IMPLEMENTATION,IMPLEMENTATION_AND_CONTROL_SOURCE
S2A-SRC-3FFE6F660D8C,stage2a/evidence/failed_attempts/CANDIDATE_004_ASSEMBLY_ATTEMPT_001_FAILED.json,f40deb8a30f4d169237e764d7c999b77e95fc9297fb296ee794a4b7211c9352a,edd8ac0a59c9c0fce4408538e8596b10a9a97428,c25f394fe5c7cea430736b0b9c0fcd37f4214f00,c25f394fe5c7cea430736b0b9c0fcd37f4214f00,AUTHORIZED_STAGE2A_IMPLEMENTATION,IMPLEMENTATION_AND_CONTROL_SOURCE
S2A-SRC-C99BB5EF01FC,stage2a/evidence/failed_attempts/CANDIDATE_004_ASSEMBLY_ATTEMPT_001_FAILED.md,850365827f237688a7ae82266394dde311440911488266431a7f714f30b53c67,edd8ac0a59c9c0fce4408538e8596b10a9a97428,f299018a2c217ed34e98a8621c2ccad84d8c5cd2,f299018a2c217ed34e98a8621c2ccad84d8c5cd2,AUTHORIZED_STAGE2A_IMPLEMENTATION,IMPLEMENTATION_AND_CONTROL_SOURCE
S2A-SRC-A1D47570814A,stage2a/evidence/failed_attempts/CANDIDATE_004_ASSEMBLY_ATTEMPT_002_FAILED.json,547e99f615f7b8d5eac05afd329d7df55ec14d2c030ff45dd723dabe9a340170,edd8ac0a59c9c0fce4408538e8596b10a9a97428,7cecf748b537c4831898c73c2ae427443061d18c,7cecf748b537c4831898c73c2ae427443061d18c,AUTHORIZED_STAGE2A_IMPLEMENTATION,IMPLEMENTATION_AND_CONTROL_SOURCE
S2A-SRC-D9CFB2457B70,stage2a/evidence/failed_attempts/CANDIDATE_004_ASSEMBLY_ATTEMPT_002_FAILED.md,3e73b3af1a88eb0da2145d0d3ea52e598e583996b4e3c4c5cf8d990afc8d3a49,edd8ac0a59c9c0fce4408538e8596b10a9a97428,737e4e9520c0c6d38d9069ec1fca94efe4c76e61,737e4e9520c0c6d38d9069ec1fca94efe4c76e61,AUTHORIZED_STAGE2A_IMPLEMENTATION,IMPLEMENTATION_AND_CONTROL_SOURCE
S2A-SRC-6465E61CE51E,stage2a/evidence/failed_attempts/FOUNDATION_VALIDATION_ATTEMPT_002_FAILED.json,d8642bd99aeb7b6bbcdb347a4cd97c251b5eeddb708f11066a5b55d0614fe459,edd8ac0a59c9c0fce4408538e8596b10a9a97428,4a57652789768613808e879fbaa8dec1809fa4ba,4a57652789768613808e879fbaa8dec1809fa4ba,AUTHORIZED_STAGE2A_IMPLEMENTATION,IMPLEMENTATION_AND_CONTROL_SOURCE
S2A-SRC-A56C8E024369,stage2a/evidence/failed_attempts/FOUNDATION_VALIDATION_ATTEMPT_002_FAILED.md,abc9d3ec3edd09a6d7dd81eb0f9fbc0d5710aff2dc24af555823b6be7cb5d8d7,edd8ac0a59c9c0fce4408538e8596b10a9a97428,f8707a5a49aeacf80acd8712629613202d02bbfd,f8707a5a49aeacf80acd8712629613202d02bbfd,AUTHORIZED_STAGE2A_IMPLEMENTATION,IMPLEMENTATION_AND_CONTROL_SOURCE
S2A-SRC-AD55B611DF9F,stage2a/evidence/failed_attempts/FOUNDATION_VALIDATION_ATTEMPT_003_FAILED.json,982104bbda22e6787b85f24e7d476e751ba325f4e36f02709e8b9442934100a8,edd8ac0a59c9c0fce4408538e8596b10a9a97428,31d023f724006f28c7a5898edb1da7de10419e98,31d023f724006f28c7a5898edb1da7de10419e98,AUTHORIZED_STAGE2A_IMPLEMENTATION,IMPLEMENTATION_AND_CONTROL_SOURCE
S2A-SRC-5EB269300115,stage2a/evidence/failed_attempts/FOUNDATION_VALIDATION_ATTEMPT_003_FAILED.md,5142da42896fbd070ae85c87f92f267bfd20412af34e29d0e30e7d3c7e0b789c,edd8ac0a59c9c0fce4408538e8596b10a9a97428,cfa277de4b99594e9f03dafcd2a3a38595e21cec,cfa277de4b99594e9f03dafcd2a3a38595e21cec,AUTHORIZED_STAGE2A_IMPLEMENTATION,IMPLEMENTATION_AND_CONTROL_SOURCE
S2A-SRC-7927E29F45C0,stage2a/evidence/failed_attempts/FOUNDATION_VALIDATION_ATTEMPT_004_FAILED.json,c50fcd25aca851520c020edfa0218236faaa12a87464d3d76642db33c62c0a10,edd8ac0a59c9c0fce4408538e8596b10a9a97428,95e68892dda557843a816bfb585d6928d245ff7b,95e68892dda557843a816bfb585d6928d245ff7b,AUTHORIZED_STAGE2A_IMPLEMENTATION,IMPLEMENTATION_AND_CONTROL_SOURCE
S2A-SRC-CA0F9A61B2E1,stage2a/evidence/failed_attempts/FOUNDATION_VALIDATION_ATTEMPT_004_FAILED.md,9d68755792013b24ce8cc1d63777391c501665396cd458dab7fcc2a2a470cdc9,edd8ac0a59c9c0fce4408538e8596b10a9a97428,5d2ed030c990dcd45097cd0c4336e73868fa1658,5d2ed030c990dcd45097cd0c4336e73868fa1658,AUTHORIZED_STAGE2A_IMPLEMENTATION,IMPLEMENTATION_AND_CONTROL_SOURCE
S2A-SRC-84DF91BD39CC,stage2a/evidence/failed_attempts/FOUNDATION_VALIDATION_ATTEMPT_005_FAILED.json,af1e3057456fa0411fd8c158f8fee8101ab331cfa7fe9b91ad3184895107afd0,edd8ac0a59c9c0fce4408538e8596b10a9a97428,d83455956b4fbd31ea721a20930b096a7c36b622,d83455956b4fbd31ea721a20930b096a7c36b622,AUTHORIZED_STAGE2A_IMPLEMENTATION,IMPLEMENTATION_AND_CONTROL_SOURCE
S2A-SRC-F98BE2EDC893,stage2a/evidence/failed_attempts/FOUNDATION_VALIDATION_ATTEMPT_005_FAILED.md,4edc719dab780195e7909f377c2bf7d4184eba9baecc67e9c13a3f6bc8661e23,edd8ac0a59c9c0fce4408538e8596b10a9a97428,9bfae554c3bf194e581b1dd3bb169a39bbe1225a,9bfae554c3bf194e581b1dd3bb169a39bbe1225a,AUTHORIZED_STAGE2A_IMPLEMENTATION,IMPLEMENTATION_AND_CONTROL_SOURCE
S2A-SRC-0DB6992D3302,stage2a/evidence/failed_attempts/FOUNDATION_VALIDATION_ATTEMPT_006_FAILED.json,422c5cb65f836e7b23b9e2e33988f8e6b63fe497cf3b1bba8ab80286fab1fe50,edd8ac0a59c9c0fce4408538e8596b10a9a97428,775b0a9731a2db6027ecd65ce652a5d57f6bba11,775b0a9731a2db6027ecd65ce652a5d57f6bba11,AUTHORIZED_STAGE2A_IMPLEMENTATION,IMPLEMENTATION_AND_CONTROL_SOURCE
S2A-SRC-7EABDDE16471,stage2a/evidence/failed_attempts/FOUNDATION_VALIDATION_ATTEMPT_006_FAILED.md,71fbf674da1887a4bf1c3c44ffe6ed1f125858e378f88c30ffaaee32bd60a2e3,edd8ac0a59c9c0fce4408538e8596b10a9a97428,00b8a359d3441bdbc14a066a406d524cd6a2d1df,00b8a359d3441bdbc14a066a406d524cd6a2d1df,AUTHORIZED_STAGE2A_IMPLEMENTATION,IMPLEMENTATION_AND_CONTROL_SOURCE
S2A-SRC-22CE037E28CE,stage2a/evidence/failed_attempts/FOUNDATION_VALIDATION_ATTEMPT_007_FAILED.json,9096399ea673359130d36519079de775fc193356a3c897160c9031b7ac1d1489,edd8ac0a59c9c0fce4408538e8596b10a9a97428,7595d781a260dd7f955f7098848ff378b58046e5,7595d781a260dd7f955f7098848ff378b58046e5,AUTHORIZED_STAGE2A_IMPLEMENTATION,IMPLEMENTATION_AND_CONTROL_SOURCE
S2A-SRC-7F8BFB028C48,stage2a/evidence/failed_attempts/FOUNDATION_VALIDATION_ATTEMPT_007_FAILED.md,2601a705fad48b7e3a445301bda40a1fbc7411b1a76046540afa94199026ba94,edd8ac0a59c9c0fce4408538e8596b10a9a97428,ac8bd98cc85a2380327950691334da6f49e1c571,ac8bd98cc85a2380327950691334da6f49e1c571,AUTHORIZED_STAGE2A_IMPLEMENTATION,IMPLEMENTATION_AND_CONTROL_SOURCE
S2A-SRC-E09E1F8FB179,stage2a/evidence/failed_attempts/FOUNDATION_VALIDATION_ATTEMPT_008_FAILED.json,7d4b1f1e5cf516edaae455eb04e3672cd564413e21bf64dc6f4b7f8a8bc57462,edd8ac0a59c9c0fce4408538e8596b10a9a97428,8fa1e2d4e68ec0f25f33a53e76d4b75fc545ac3f,8fa1e2d4e68ec0f25f33a53e76d4b75fc545ac3f,AUTHORIZED_STAGE2A_IMPLEMENTATION,IMPLEMENTATION_AND_CONTROL_SOURCE
S2A-SRC-27EC15B44CF8,stage2a/evidence/failed_attempts/FOUNDATION_VALIDATION_ATTEMPT_008_FAILED.md,d671df5527757b768ac666db67cef62e489178c650b24b291f813bef52326e3c,edd8ac0a59c9c0fce4408538e8596b10a9a97428,62d1a5491d003e8123a823196b825521e23c95da,62d1a5491d003e8123a823196b825521e23c95da,AUTHORIZED_STAGE2A_IMPLEMENTATION,IMPLEMENTATION_AND_CONTROL_SOURCE
S2A-SRC-ACA7385D98F7,stage2a/evidence/failed_attempts/FOUNDATION_VALIDATION_ATTEMPT_009_FAILED.json,47d6492130111e184867d356d980bf2d8499a6350b5c2e15bc8b82455fcc6269,edd8ac0a59c9c0fce4408538e8596b10a9a97428,3a1d21c2fe980ca90eb3a63667943373389e8f6f,3a1d21c2fe980ca90eb3a63667943373389e8f6f,AUTHORIZED_STAGE2A_IMPLEMENTATION,IMPLEMENTATION_AND_CONTROL_SOURCE
S2A-SRC-73A4A1F9AEC0,stage2a/evidence/failed_attempts/FOUNDATION_VALIDATION_ATTEMPT_009_FAILED.md,1302c77ec1e480c9af8de40160b9c09ea6b4a09939793c3ea12dca3ae110c77f,edd8ac0a59c9c0fce4408538e8596b10a9a97428,215a690bea8f308d2e2888da5065c92bad85b5ad,215a690bea8f308d2e2888da5065c92bad85b5ad,AUTHORIZED_STAGE2A_IMPLEMENTATION,IMPLEMENTATION_AND_CONTROL_SOURCE
S2A-SRC-E626D3AA6CC5,stage2a/evidence/failed_attempts/FOUNDATION_VALIDATION_ATTEMPT_010_FAILED.json,158bb4d476458693605c1fe14b4c6d3ad52f431abeec283ce2c5833f0fb65384,edd8ac0a59c9c0fce4408538e8596b10a9a97428,b9bfcb732f54a68c58b766f1787feaddd25fb428,b9bfcb732f54a68c58b766f1787feaddd25fb428,AUTHORIZED_STAGE2A_IMPLEMENTATION,IMPLEMENTATION_AND_CONTROL_SOURCE
S2A-SRC-AE1E666C11C8,stage2a/evidence/failed_attempts/FOUNDATION_VALIDATION_ATTEMPT_010_FAILED.md,1ac4d8e9451a413396904ed8909ec078a4e39dc7135580a8277e2df6b175a53c,edd8ac0a59c9c0fce4408538e8596b10a9a97428,9b3ce7a897aae9875b140c7313ece63981b9b830,9b3ce7a897aae9875b140c7313ece63981b9b830,AUTHORIZED_STAGE2A_IMPLEMENTATION,IMPLEMENTATION_AND_CONTROL_SOURCE
S2A-SRC-5910785933D3,stage2a/evidence_capture.py,d4e19ceded07fcd61c1517748a1ab036a7076da1056ab4a238e3bd3d9935ec8a,edd8ac0a59c9c0fce4408538e8596b10a9a97428,4fa31e3ac232ac39a591550cee26d81fefc5f402,4fa31e3ac232ac39a591550cee26d81fefc5f402,AUTHORIZED_STAGE2A_IMPLEMENTATION,IMPLEMENTATION_AND_CONTROL_SOURCE
S2A-SRC-B19174EB4F0A,stage2a/example_command.py,b21e1263c8bac2ce4e3e7105da9cf155a3d8c56bc09f13a3a09c6f15ce708bc6,edd8ac0a59c9c0fce4408538e8596b10a9a97428,1be7bd029409931a3b8b3da1037b9f4bf973e289,1be7bd029409931a3b8b3da1037b9f4bf973e289,AUTHORIZED_STAGE2A_IMPLEMENTATION,IMPLEMENTATION_AND_CONTROL_SOURCE
S2A-SRC-1D3720DEDACF,stage2a/execution-evidence-schema.json,3605a243e982613e25ef113b54dc068f613942afa906ea534053d4281d04357a,edd8ac0a59c9c0fce4408538e8596b10a9a97428,5d1b928135b35ab762d8fcee94fe1111a162cf22,5d1b928135b35ab762d8fcee94fe1111a162cf22,AUTHORIZED_STAGE2A_IMPLEMENTATION,IMPLEMENTATION_AND_CONTROL_SOURCE
S2A-SRC-0B1A50236728,stage2a/fixture_loader.py,9ca53e5fb69063c6c13bae783ac5222eeef4f224012f1fd9cb62a7e9be7063ab,edd8ac0a59c9c0fce4408538e8596b10a9a97428,5910de44035d7bcae6ade4106832a56ea8a96bbe,5910de44035d7bcae6ade4106832a56ea8a96bbe,AUTHORIZED_STAGE2A_IMPLEMENTATION,IMPLEMENTATION_AND_CONTROL_SOURCE
S2A-SRC-3D37CD4F719F,stage2a/fixtures/foundation-v1.json,0aa525c43285874a3dd7887d466a185bae6fa07fcf1bf4ed45dae42da03eb81e,edd8ac0a59c9c0fce4408538e8596b10a9a97428,19908aef53e2d4968800296be5640bd929fa47ba,19908aef53e2d4968800296be5640bd929fa47ba,AUTHORIZED_STAGE2A_IMPLEMENTATION,IMPLEMENTATION_AND_CONTROL_SOURCE
S2A-SRC-2BEDFCAEC1ED,stage2a/foundation_api.py,622e166a0f0c1347dd375a5b8940cb6cdaf984d9b0b7227391300980db6ec616,edd8ac0a59c9c0fce4408538e8596b10a9a97428,2bfcf2bc6dc3e1f101f85a92269b292dbb61cec5,2bfcf2bc6dc3e1f101f85a92269b292dbb61cec5,AUTHORIZED_STAGE2A_IMPLEMENTATION,IMPLEMENTATION_AND_CONTROL_SOURCE
S2A-SRC-B88DE28A2053,stage2a/full_application_profile.py,43c8a057bbea59add9f12643dfacc6318b807fcc8eb1f562985d2ae7f422a61d,edd8ac0a59c9c0fce4408538e8596b10a9a97428,6b9c6179669ff98e0eb03d834afedb39af2ae1ca,6b9c6179669ff98e0eb03d834afedb39af2ae1ca,AUTHORIZED_STAGE2A_IMPLEMENTATION,IMPLEMENTATION_AND_CONTROL_SOURCE
S2A-SRC-61663D5D70AD,stage2a/isolation_check.py,eb26ce3c7e3ebffc1bdcc1bb408d34e85ca51ee23879647e38493930e7d64e8f,edd8ac0a59c9c0fce4408538e8596b10a9a97428,8724985092202c67d79e6022d7a6dc4c70aeae77,8724985092202c67d79e6022d7a6dc4c70aeae77,AUTHORIZED_STAGE2A_IMPLEMENTATION,IMPLEMENTATION_AND_CONTROL_SOURCE
S2A-SRC-49BC275C5CA1,stage2a/lib/__init__.py,41830947076cc05f79e8ad1b74177869c331288dbb1ff04262596aa09a10684d,edd8ac0a59c9c0fce4408538e8596b10a9a97428,6b4e32415f6ff8264c1816f318a331bce9d75a77,6b4e32415f6ff8264c1816f318a331bce9d75a77,AUTHORIZED_STAGE2A_IMPLEMENTATION,IMPLEMENTATION_AND_CONTROL_SOURCE
S2A-SRC-248CE3E8E629,stage2a/lib/control.py,8227165b8cb95f8221b51596a4373a2d3c713471237d526d70f21f05cb3dd9fb,edd8ac0a59c9c0fce4408538e8596b10a9a97428,7f33c209628a9b7e5f8e7a02465c7680ba89ab25,7f33c209628a9b7e5f8e7a02465c7680ba89ab25,AUTHORIZED_STAGE2A_IMPLEMENTATION,IMPLEMENTATION_AND_CONTROL_SOURCE
S2A-SRC-769DD9D18253,stage2a/network_guard.py,705a7c0e23e0d55301abbfba0af224b12590c83daf8b1869da2bb90e94d272ab,edd8ac0a59c9c0fce4408538e8596b10a9a97428,f3323638887c59e3c1cd0b26877889fca9b087a4,f3323638887c59e3c1cd0b26877889fca9b087a4,AUTHORIZED_STAGE2A_IMPLEMENTATION,IMPLEMENTATION_AND_CONTROL_SOURCE
S2A-SRC-97364CC96BA8,stage2a/orchestrate.py,25674a84a77d9d30160911266564104ddae4d32ce59e506369c8f9dd05845eb8,edd8ac0a59c9c0fce4408538e8596b10a9a97428,25dd2d84543a5e2b64abcd3fc9fd32d36a7a0b08,25dd2d84543a5e2b64abcd3fc9fd32d36a7a0b08,AUTHORIZED_STAGE2A_IMPLEMENTATION,IMPLEMENTATION_AND_CONTROL_SOURCE
S2A-SRC-6F3614BBAA5B,stage2a/provider-capability-registry.json,596a1707b8060e37c7dcbe3e42399173a928768521e22806818744bbef1db895,edd8ac0a59c9c0fce4408538e8596b10a9a97428,e6a2e9ff9f59e2cdffa1d7baeef9eba04b27bb65,e6a2e9ff9f59e2cdffa1d7baeef9eba04b27bb65,AUTHORIZED_STAGE2A_IMPLEMENTATION,IMPLEMENTATION_AND_CONTROL_SOURCE
S2A-SRC-E0B5C7A7A5AF,stage2a/review_attempts/attempt-001/ADVERSARIAL_REVIEW.json,72b905cc49cbac2700d7153c11232eb8856bcf9e1ef18cc44145eae25cf2eb4a,edd8ac0a59c9c0fce4408538e8596b10a9a97428,c4989aaee94559d01bb81ef50be202929709e6fd,c4989aaee94559d01bb81ef50be202929709e6fd,AUTHORIZED_STAGE2A_IMPLEMENTATION,IMPLEMENTATION_AND_CONTROL_SOURCE
S2A-SRC-A96E0340A2A2,stage2a/review_attempts/attempt-001/FAILED_SNAPSHOT_RECORD.json,4b0a193734263c24e01f27b380e45f4bec075b86dfe9efe66a328065b9de5789,edd8ac0a59c9c0fce4408538e8596b10a9a97428,c6bcc8d07bf3a8d3e71191b2b1a8a0bc719f412d,c6bcc8d07bf3a8d3e71191b2b1a8a0bc719f412d,AUTHORIZED_STAGE2A_IMPLEMENTATION,IMPLEMENTATION_AND_CONTROL_SOURCE
S2A-SRC-F3A857A65A97,stage2a/review_attempts/attempt-001/SEGREGATED_REVIEW.json,acdc5055f42e8af391899f2dd8867d33431ad4aa922dc54ad809843687f1b4b6,edd8ac0a59c9c0fce4408538e8596b10a9a97428,8f32bc3c5097a5b2259d94305981707f8c78aec5,8f32bc3c5097a5b2259d94305981707f8c78aec5,AUTHORIZED_STAGE2A_IMPLEMENTATION,IMPLEMENTATION_AND_CONTROL_SOURCE
S2A-SRC-540943A1985D,stage2a/review_attempts/attempt-002/ADVERSARIAL_REREVIEW.json,d454f0ff64e85875a96caef8ec141eb9935880c4989f079eff97df94a91f9831,edd8ac0a59c9c0fce4408538e8596b10a9a97428,97b85a4b531b3f68389882654617b21bcaea57c2,97b85a4b531b3f68389882654617b21bcaea57c2,AUTHORIZED_STAGE2A_IMPLEMENTATION,IMPLEMENTATION_AND_CONTROL_SOURCE
S2A-SRC-48D0BE2B7051,stage2a/review_attempts/attempt-002/FAILED_SNAPSHOT_RECORD.json,730053bc14a8c2cb1e970f7c934e2113ae8a918358039e63628a975eaa7c2df6,edd8ac0a59c9c0fce4408538e8596b10a9a97428,141f62715b4827e80c4f09367b6eb836f5d40c8a,141f62715b4827e80c4f09367b6eb836f5d40c8a,AUTHORIZED_STAGE2A_IMPLEMENTATION,IMPLEMENTATION_AND_CONTROL_SOURCE
S2A-SRC-E9B0596F6CD7,stage2a/review_attempts/attempt-002/SEGREGATED_REREVIEW.json,0a134ee384253a1379c8ed9d6b781a95760e2f327e6699c65a07931fab6cac70,edd8ac0a59c9c0fce4408538e8596b10a9a97428,713056364772f06047d48239dd66f48a28b70639,713056364772f06047d48239dd66f48a28b70639,AUTHORIZED_STAGE2A_IMPLEMENTATION,IMPLEMENTATION_AND_CONTROL_SOURCE
S2A-SRC-6D6E0C0CD099,stage2a/review_attempts/attempt-003/ADVERSARIAL_REREVIEW.json,812b003ca46c297eda8abbf6877804bbb154b263a9ccacddc3e972214b5ca15d,edd8ac0a59c9c0fce4408538e8596b10a9a97428,a165e00687918449841200796d0ccd2cf2eed384,a165e00687918449841200796d0ccd2cf2eed384,AUTHORIZED_STAGE2A_IMPLEMENTATION,IMPLEMENTATION_AND_CONTROL_SOURCE
S2A-SRC-C979F4D366A9,stage2a/review_attempts/attempt-003/CUSTODIAN_REVIEW.json,959630150da39cc236bf720e1d3b19978d0370a299c176f95daf746f4de82055,edd8ac0a59c9c0fce4408538e8596b10a9a97428,d55ab5fe8538f89418c4b2aaa2ade8d3f96fb5fe,d55ab5fe8538f89418c4b2aaa2ade8d3f96fb5fe,AUTHORIZED_STAGE2A_IMPLEMENTATION,IMPLEMENTATION_AND_CONTROL_SOURCE
S2A-SRC-20BFA56F167C,stage2a/review_attempts/attempt-003/FAILED_SNAPSHOT_RECORD.json,68f23f3d6adc65e6264f903b00cb0c54a9ed816ebde32de69d8a64387a6b6518,edd8ac0a59c9c0fce4408538e8596b10a9a97428,17b0176bdf431a1c8ca82abb5bbdb4040ecd3811,17b0176bdf431a1c8ca82abb5bbdb4040ecd3811,AUTHORIZED_STAGE2A_IMPLEMENTATION,IMPLEMENTATION_AND_CONTROL_SOURCE
S2A-SRC-7F1DB12358C2,stage2a/review_attempts/attempt-003/PRE_REVIEW_VALIDATION_MATRIX.json,f0d942e367685924db4e15b3fa27f2d8205d86d24d07b87660ff59c3732de151,edd8ac0a59c9c0fce4408538e8596b10a9a97428,8d51f435d3b5ecb35ce4b29cb9c4b151aa44506c,8d51f435d3b5ecb35ce4b29cb9c4b151aa44506c,AUTHORIZED_STAGE2A_IMPLEMENTATION,IMPLEMENTATION_AND_CONTROL_SOURCE
S2A-SRC-447A676DBBB3,stage2a/review_attempts/attempt-003/PRE_REVIEW_VALIDATION_MATRIX.md,70e96c7252742d46cb7da7e3ed811f2b5456c48e8614314df10fc66ebca264a2,edd8ac0a59c9c0fce4408538e8596b10a9a97428,3aaf3e1b50daef953186f5c1934e43d4375bf234,3aaf3e1b50daef953186f5c1934e43d4375bf234,AUTHORIZED_STAGE2A_IMPLEMENTATION,IMPLEMENTATION_AND_CONTROL_SOURCE
S2A-SRC-72BF35703951,stage2a/review_attempts/attempt-003/SEGREGATED_REREVIEW.json,7420a9c829d1703cd4f8659ee93ff665226acf583e5ad610630b8c1f4e566978,edd8ac0a59c9c0fce4408538e8596b10a9a97428,47f4f2be13887074e2854c1f892c2b038c9416fc,47f4f2be13887074e2854c1f892c2b038c9416fc,AUTHORIZED_STAGE2A_IMPLEMENTATION,IMPLEMENTATION_AND_CONTROL_SOURCE
S2A-SRC-0F23E13518F8,stage2a/review_attempts/attempt-004/ADVERSARIAL_REREVIEW.json,3ebab29f4508befa4a0dcb34eea41780ad533f52bf5a6d2e820c93acd0bebe5b,edd8ac0a59c9c0fce4408538e8596b10a9a97428,426df635c7a3bc71241dd829d80cb80d1b19a94f,426df635c7a3bc71241dd829d80cb80d1b19a94f,AUTHORIZED_STAGE2A_IMPLEMENTATION,IMPLEMENTATION_AND_CONTROL_SOURCE
S2A-SRC-1D36D1506E9F,stage2a/review_attempts/attempt-004/ADVERSARIAL_REREVIEW.md,32ab1474757449afb51806af33a2f617391c41671f007328dfd835f7b982d43d,edd8ac0a59c9c0fce4408538e8596b10a9a97428,959e863ff20e8ba7deaee8992119530ac0922a54,959e863ff20e8ba7deaee8992119530ac0922a54,AUTHORIZED_STAGE2A_IMPLEMENTATION,IMPLEMENTATION_AND_CONTROL_SOURCE
S2A-SRC-FB024BF0E714,stage2a/review_attempts/attempt-004/CUSTODIAN_REVIEW.json,978ec0ae94fbc5df88848c8142db9a35998b923024ae783ff3c7e9abc36076fe,edd8ac0a59c9c0fce4408538e8596b10a9a97428,d682eb7a7c9867b0a4e71a86c07a5244a4972f68,d682eb7a7c9867b0a4e71a86c07a5244a4972f68,AUTHORIZED_STAGE2A_IMPLEMENTATION,IMPLEMENTATION_AND_CONTROL_SOURCE
S2A-SRC-6C158606D421,stage2a/review_attempts/attempt-004/CUSTODIAN_REVIEW.md,48ed139f03a3599e34912c999f94ee482f7c9c603d748a2b0f44dde61b71b6a6,edd8ac0a59c9c0fce4408538e8596b10a9a97428,97dc59a4ebc4fe9e68feee708b1db7cd0baf9269,97dc59a4ebc4fe9e68feee708b1db7cd0baf9269,AUTHORIZED_STAGE2A_IMPLEMENTATION,IMPLEMENTATION_AND_CONTROL_SOURCE
S2A-SRC-ADD3BB569FC6,stage2a/review_attempts/attempt-004/FINDING_RECONCILIATION.json,ad99f6eb56bfc6e00d3020e5a34b5c016a99a67ed77c6ef8fc2991c354523891,edd8ac0a59c9c0fce4408538e8596b10a9a97428,3bc16f38ed69312f26a841457049912ea3ffdc38,3bc16f38ed69312f26a841457049912ea3ffdc38,AUTHORIZED_STAGE2A_IMPLEMENTATION,IMPLEMENTATION_AND_CONTROL_SOURCE
S2A-SRC-D6C25436D274,stage2a/review_attempts/attempt-004/FINDING_RECONCILIATION.md,fab2aa354d9bf79363252a96560e315fd117396045a007adac68cb042b75f1a7,edd8ac0a59c9c0fce4408538e8596b10a9a97428,3573b80cc672c01df3263ad423185574b05a77bd,3573b80cc672c01df3263ad423185574b05a77bd,AUTHORIZED_STAGE2A_IMPLEMENTATION,IMPLEMENTATION_AND_CONTROL_SOURCE
S2A-SRC-9221D6AE0034,stage2a/review_attempts/attempt-004/FROZEN_SNAPSHOT_RECORD.json,f1a26a69eab472a1ebd67b0f42f2ed2acb9827ca71f183f60ac44e1327500e23,edd8ac0a59c9c0fce4408538e8596b10a9a97428,19bbcd0ad4414077e07398b5792d3db24f97ebf4,19bbcd0ad4414077e07398b5792d3db24f97ebf4,AUTHORIZED_STAGE2A_IMPLEMENTATION,IMPLEMENTATION_AND_CONTROL_SOURCE
S2A-SRC-EFD7E0BC3B0B,stage2a/review_attempts/attempt-004/FROZEN_SNAPSHOT_RECORD.md,735936806d0b42f3d0e78c3f2fbb8088286bdb9ee0dfce02e59bc7d46c732e49,edd8ac0a59c9c0fce4408538e8596b10a9a97428,7e09794678e14d1b04de692e9efe5534067b638d,7e09794678e14d1b04de692e9efe5534067b638d,AUTHORIZED_STAGE2A_IMPLEMENTATION,IMPLEMENTATION_AND_CONTROL_SOURCE
S2A-SRC-8F339D656EC9,stage2a/review_attempts/attempt-004/SEGREGATED_REREVIEW.json,8afbde3ad6c1a386032927e1ed528291fb20f045e79ded1948fb360a6859ca28,edd8ac0a59c9c0fce4408538e8596b10a9a97428,bcbd363ef06ef2e2e65bb68a3deeac06f75d5ca4,bcbd363ef06ef2e2e65bb68a3deeac06f75d5ca4,AUTHORIZED_STAGE2A_IMPLEMENTATION,IMPLEMENTATION_AND_CONTROL_SOURCE
S2A-SRC-59F5B7F42BF1,stage2a/review_attempts/attempt-004/SEGREGATED_REREVIEW.md,acc39fa2a0e48ac51089e299c42c7faf2dada19141e069f8ac3da79d13542ceb,edd8ac0a59c9c0fce4408538e8596b10a9a97428,e20c80c8e3468e37acdfa62d9c185d76b160c619,e20c80c8e3468e37acdfa62d9c185d76b160c619,AUTHORIZED_STAGE2A_IMPLEMENTATION,IMPLEMENTATION_AND_CONTROL_SOURCE
S2A-SRC-D0C7345341AF,stage2a/rollback_recovery.py,95204d551ca73295074dea43fe658e6a05ae37b10b36868ada55c7b968233d5e,edd8ac0a59c9c0fce4408538e8596b10a9a97428,b1719c0972b300c2ced36584e08dcfe518d68c62,b1719c0972b300c2ced36584e08dcfe518d68c62,AUTHORIZED_STAGE2A_IMPLEMENTATION,IMPLEMENTATION_AND_CONTROL_SOURCE
S2A-SRC-2D5B6E37728B,stage2a/run_validation.sh,ca4c45f1f2b8d99b075b91dd90dacbfec6278aad32014fb06dea940a2db3b09d,edd8ac0a59c9c0fce4408538e8596b10a9a97428,89ed7f1bd70638244a21a9848440868f20c7ae52,89ed7f1bd70638244a21a9848440868f20c7ae52,AUTHORIZED_STAGE2A_IMPLEMENTATION,IMPLEMENTATION_AND_CONTROL_SOURCE
S2A-SRC-05854EA9BBB9,stage2a/semantic_projection.py,5eab0fc6fcc7b3b8e28f46de2074059bccfa1dc5400bd161c8e237b563cf3af2,edd8ac0a59c9c0fce4408538e8596b10a9a97428,d59663ffda1cb96089a4f008f74fd0d036901752,d59663ffda1cb96089a4f008f74fd0d036901752,AUTHORIZED_STAGE2A_IMPLEMENTATION,IMPLEMENTATION_AND_CONTROL_SOURCE
S2A-SRC-EE456DEE6150,stage2a/startup-side-effect-oracle.json,1a193b9618229e5370b495364220c20f27d11e01f2736e02c8589c0fa6752444,edd8ac0a59c9c0fce4408538e8596b10a9a97428,010027246008b1ab2356d682919e5bf390686266,010027246008b1ab2356d682919e5bf390686266,AUTHORIZED_STAGE2A_IMPLEMENTATION,IMPLEMENTATION_AND_CONTROL_SOURCE
S2A-SRC-97001E3EBDE6,stage2a/tests/test_controls.py,8a3ce0c7a6aaf8dee15bddde70843d20461aa76388b4b73cadd4d7eaa8007004,edd8ac0a59c9c0fce4408538e8596b10a9a97428,d221f8a5caff19ff1e2111aa98ef698245a3585e,d221f8a5caff19ff1e2111aa98ef698245a3585e,AUTHORIZED_STAGE2A_IMPLEMENTATION,IMPLEMENTATION_AND_CONTROL_SOURCE
S2A-SRC-A77F37A8DFCD,stage2a/tests/test_traceability_contract.py,a45e877769ea83181efe9e8746ebc5896ddfbeca972a9c5b91042061b41ded6f,edd8ac0a59c9c0fce4408538e8596b10a9a97428,7c0b7a42605bab27554c3af76060fcca72fcdca0,7c0b7a42605bab27554c3af76060fcca72fcdca0,AUTHORIZED_STAGE2A_IMPLEMENTATION,IMPLEMENTATION_AND_CONTROL_SOURCE
S2A-SRC-0B090BAE0CB8,stage2a/toolchain.json,0b46018f194060fc61c7064e231915d4b91795e56570b0b744ce30827e0b9cb1,edd8ac0a59c9c0fce4408538e8596b10a9a97428,77937d59a581cac3e59b14142ed1153e3f98e676,77937d59a581cac3e59b14142ed1153e3f98e676,AUTHORIZED_STAGE2A_IMPLEMENTATION,IMPLEMENTATION_AND_CONTROL_SOURCE
S2A-SRC-EA21BF650692,stage2a/traceability_contract.py,b908cdfa28bf5e4551c9d7e9a69bd24ee7c517ec164674a2419489127f0586c9,edd8ac0a59c9c0fce4408538e8596b10a9a97428,44d711992c3ec776633d1ae9f242eb80981cc04f,44d711992c3ec776633d1ae9f242eb80981cc04f,AUTHORIZED_STAGE2A_IMPLEMENTATION,IMPLEMENTATION_AND_CONTROL_SOURCE
S2A-SRC-87EC3E271778,stage2a/validate_foundation.py,63790174dafdea1391a20c537e40b96d7ab0ac5eea93dc497f9550808e73259c,edd8ac0a59c9c0fce4408538e8596b10a9a97428,09f941a397ae123f77fe871cac1a5f0d30094c44,09f941a397ae123f77fe871cac1a5f0d30094c44,AUTHORIZED_STAGE2A_IMPLEMENTATION,IMPLEMENTATION_AND_CONTROL_SOURCE
S2A-SRC-91899BC8CA07,stage2a/validate_stage2a_package.py,f085338c128951f8885dc7eac19c1c709c9328d6663bb7f3d1cec13b4fcc6592,edd8ac0a59c9c0fce4408538e8596b10a9a97428,cded7cf643c232d92e5c7eaf29a269ff45092683,cded7cf643c232d92e5c7eaf29a269ff45092683,AUTHORIZED_STAGE2A_IMPLEMENTATION,IMPLEMENTATION_AND_CONTROL_SOURCE
